id,nombre,email,telefono
1,Ainara Cifuentes Artigas,zacariasjodar@example.org,+34 874 86 86 38
2,Salomé Corona Bautista Sastre,amparo91@example.com,+34 985 091 968
3,Josep Palmer Valenzuela,teodosio05@example.net,+34 880 648 412
4,Hermenegildo Arcos Verdú,rborrego@example.org,+34 803 22 44 26
5,Severiano Santamaría Suarez,amparomoll@example.org,+34 733 380 582
6,Ligia Sevillano,peralesjuan@example.org,+34 983853389
7,Nidia del Juliá,galianosusanita@example.com,+34 944 85 05 84
8,Serafina Galván Martín,teobaldo20@example.org,+34 714612871
9,Leoncio Pascual Escolano,barberozoraida@example.org,+34 927364370
10,Darío Sebastián Marín,cblazquez@example.com,+34877 65 48 21
11,Lucía Trillo Guardia,leyrepujol@example.net,+34928 448 740
12,Urbano del Doménech,pacevedo@example.org,+34 844934657
13,Coral Rosselló Zabala,mbauza@example.net,+34823723353
14,Natanael Cobo Otero,bruponcio@example.net,+34885 02 04 04
15,Samuel del Gaya,vallegabino@example.com,+34873 54 65 26
16,Nélida Llano Casanova,chitarivera@example.com,+34 928023993
17,Vito Jordi Moliner Aguirre,anselma45@example.com,+34806814127
18,Luis Ángel Folch Patiño,susanita88@example.com,+34928 814 629
19,Luis Ángel Bartolomé Caballero Cervera,esther13@example.net,+34 978 48 67 70
20,Santiago Segismundo Santiago Sabater,canopaulina@example.net,+34842 53 09 68
21,María Rius Aliaga,mpenas@example.com,+34 878 768 988
22,Espiridión Orozco-Valera,anitasalmeron@example.com,+34887140306
23,Pepita Almudena Batlle Ropero,triniizquierdo@example.net,+34 915911811
24,Marcos Rodríguez,galianojovita@example.net,+34826515029
25,Omar Barberá Castells,vazquezmarta@example.org,+34949 07 04 16
26,Lucila Merino Mayo,zmoraleda@example.net,+34749 18 22 55
27,Miguel Rozas Alarcón,rodenasamarilis@example.net,+34876040082
28,Purificación Cloe Farré Barrios,losadacaridad@example.net,+34706 758 706
29,Adelaida Baró Redondo,noriegaignacia@example.net,+34941 86 48 23
30,Carina del Montserrat,figueroacandelario@example.com,+34 872291776
31,Francisco de Amores,amadosolsona@example.com,+34979 07 38 55
32,Iker Lastra-Quiroga,reynaldoaliaga@example.org,+34850 19 14 99
33,Joel Campo-Cózar,navasamor@example.com,+34 875789971
34,Alonso Domingo Piñeiro,juan-luis97@example.net,+34 949 456 243
35,Ruperto Español-Pineda,amaya40@example.com,+34 842 63 35 47
36,Bernabé Guillén Cazorla,floresceferino@example.com,+34 880 590 003
37,Adoración Pía Guillén Barros,valerocaro@example.net,+34841 82 81 26
38,Ligia Mena-Bartolomé,alberdifelicia@example.com,+34 985 76 95 37
39,Piedad Pera Tovar,vallsmodesto@example.com,+34737 56 23 26
40,Ricarda de Quesada,basiliobilbao@example.org,+34976 946 690
41,Concepción del Esteve,uagustin@example.com,+34 843 33 28 54
42,Azahara Miguel Gracia,dionisia07@example.org,+34925 11 16 62
43,José Antonio Campoy Andres,chus20@example.net,+34 843 923 781
44,Ulises Vall Arribas,aristidespineda@example.org,+34 843 132 828
45,Kike Rosales-Torrijos,gastonbarcena@example.net,+34 881 554 480
46,Maximiliano Águila Vargas,consuelabolanos@example.net,+34985 30 70 35
47,Juanita Candelaria Cabanillas Milla,amarin@example.com,+34923 38 05 86
48,Tito del Vallés,msebastian@example.net,+34926 69 48 03
49,Che Zorrilla Esteve,sergio47@example.org,+34971 330 711
50,Amelia Báez Sarmiento,herediajorge@example.org,+34 718 423 880
51,Alfonso Soto-Romeu,adoracioniborra@example.com,+34827 431 108
52,Alejo Mármol Rius,pbaena@example.com,+34 977659898
53,Vasco Gerardo Gil Paredes,ljuan@example.org,+34933586425
54,Ibán Miralles,febe60@example.org,+34928 877 228
55,Genoveva Rueda-Pujadas,cayetanochaparro@example.org,+34924 124 269
56,Efraín Crespo Albero,cuervorafael@example.org,+34872 61 00 56
57,Rafael Arranz Morillo,ortegamarcelino@example.org,+34 987 531 314
58,Vicenta Farré Bonet,eusebiafolch@example.org,+34984 22 42 04
59,Roldán Macías Busquets,dtorralba@example.org,+34 718 55 50 39
60,José Antonio Blasco Mir,noemibaro@example.org,+34 823 728 524
61,Maristela Moreno,amalia24@example.net,+34902 79 87 64
62,Fabián Tapia-Orozco,pastorrebeca@example.net,+34930 62 70 09
63,Miriam Casanova Abellán,aesteve@example.org,+34704460288
64,Íñigo Bernal Almeida,jgarriga@example.com,+34 979 509 270
65,Wilfredo Narváez-Bolaños,gertrudisgargallo@example.org,+34 872193631
66,Teodora Zurita Marin,juanitaalonso@example.net,+34985553247
67,Modesto Arce-Andrés,bravomoreno@example.net,+34948959062
68,Nicolás Cosme Segovia Orozco,hoyosmelisa@example.net,+34947562686
69,Chema del Novoa,bruno02@example.net,+34 980992890
70,Tecla Ávila Vicens,calista31@example.net,+34878 13 84 02
71,Mariano Domingo Roma,jacobo90@example.com,+34 927 94 09 57
72,Manolo Antúnez Cánovas,penalverimelda@example.org,+34 875782761
73,Gil Bernat Ochoa,filomenacases@example.net,+34847793947
74,Raquel Losada Contreras,clementina75@example.org,+34882394180
75,Hipólito Nogueira Huguet,asalom@example.com,+34 823 20 74 30
76,Alejo Moraleda Luna,llanosaroa@example.org,+34987 00 12 60
77,Santos Macías Solera,espadakike@example.com,+34 941680850
78,Teodoro Roldán Castro Mayol,ingrid58@example.com,+34 923 87 24 15
79,Eustaquio de Macias,milagros77@example.org,+34978531407
80,Custodia Amalia Villaverde Peinado,serafina42@example.com,+34 923 93 61 37
81,Lupita Ayllón Elías,reciojose-maria@example.com,+34 986 97 30 73
82,Jonatan Orozco Cañellas,fontleire@example.com,+34 982 43 22 56
83,Asunción Gimenez,ibarrena@example.net,+34 900 960 873
84,Herminio Hernán Patiño Seguí,zacero@example.com,+34941 098 710
85,Emiliana Gálvez,sigfrido19@example.net,+34807 37 75 98
86,Beatriz Camino Hierro,arielrios@example.com,+34972 300 744
87,Simón Anguita Blázquez,kbarrio@example.net,+34 807 86 01 75
88,Úrsula Oliver Andreu,cadenasamanda@example.net,+34824 108 634
89,Felipe Terrón Ibarra,rsalamanca@example.org,+34 887 01 27 77
90,Milagros Urrutia Bilbao,nferreras@example.net,+34 886 44 00 76
91,Nélida Alemany Serra,ferrannoa@example.net,+34 980333570
92,Pía Gimeno,juanito19@example.org,+34 974533832
93,Adán Toledo Antón,ignaciosierra@example.net,+34923 864 476
94,Ale Luque,almansapascuala@example.com,+34 976 286 506
95,Julieta Palmer-Santos,esanchez@example.net,+34 960 11 17 55
96,Amelia Francisca Mariño Ureña,leoncio33@example.net,+34971 82 76 08
97,Isidora Casanovas,josue03@example.com,+34 807 692 932
98,Abigaíl Jessica Santiago Cámara,esalcedo@example.net,+34873 29 10 64
99,Teresa Cantón Granados,silvio55@example.com,+34 800298496
100,Clemente Sans Pablo,lealrita@example.com,+34 621 267 402
101,Benigna Marqués,expositoeric@example.net,+34915 519 430
102,Baldomero Marco Ponce,germanmarquez@example.org,+34926 871 328
103,Ileana Delgado Valverde,vianaedelmira@example.org,+34920879227
104,Eduardo Jaén,elodia98@example.com,+34842 12 09 81
105,Beatriz de Macias,pratsmaximo@example.net,+34 958094936
106,Cecilio Luz Suárez,sotero@example.net,+34878 50 28 27
107,Eleuterio de Gordillo,nagusti@example.net,+34878 212 929
108,Pelayo Velázquez Ramírez,eligia90@example.org,+34 927 994 161
109,Amado Miguel-Calleja,pachecoleonor@example.net,+34876 75 05 78
110,Camilo Zurita-Pagès,jenaro46@example.com,+34 720 32 63 19
111,Pánfilo Gutierrez Mariño,josuevalle@example.com,+34 880 75 81 79
112,Luis Miguel Francisco,azahara53@example.org,+34 947 671 109
113,Charo Beltran Abad,uferrer@example.org,+34 886 98 87 86
114,Herminio del Gordillo,pabloescudero@example.com,+34 807 02 81 01
115,Clementina Bonilla Girón,thurtado@example.org,+34 847 354 827
116,Gilberto Valverde Gómez,vazquezremedios@example.net,+34 924769188
117,Dimas Cerezo Carlos,xmilla@example.org,+34924712174
118,Amanda de Amigó,rosa-mariabilbao@example.com,+34 971 697 430
119,Vanesa Parra Solana,fmarco@example.net,+34 988 98 25 67
120,Borja de Fajardo,diegovirginia@example.com,+34872458282
121,Florinda Yáñez Herranz,gbarral@example.com,+34847484723
122,Cándido Perera Mata,roblesaurelio@example.com,+34 975 958 301
123,Raúl Vallejo-Alfaro,marisol78@example.net,+34 923 124 360
124,Pepita Fernanda Cobos Jara,yessica98@example.net,+34 885 963 807
125,Serafina del Quintanilla,joseolmo@example.org,+34 984589116
126,Balduino Rovira Fabra,apuente@example.com,+34822 47 34 03
127,Noa Romeu Ferrer,rafaelamiralles@example.net,+34 875505262
128,Pascual Luque Arias,mercedesferrandiz@example.com,+34849 53 57 24
129,Lidia Perla Múñiz Carnero,juanita17@example.net,+34 945 362 706
130,Simón Casanova,isabelcastro@example.org,+34 884 48 68 04
131,Alejandra Llobet Ledesma,rbueno@example.com,+34 848 740 483
132,Nilda Valverde Garay,kcobo@example.net,+34882 95 07 08
133,Ricarda Eliana Coll Pellicer,genovevapont@example.org,+34 806 14 16 30
134,Marisa Montenegro Acedo,camilo57@example.com,+34982 076 348
135,Gil Teobaldo Murillo Berenguer,ucheca@example.org,+34 876106257
136,Kike Nieto-Tamayo,griba@example.com,+34 980 612 529
137,Celestina de Torrens,lucio11@example.com,+34878284927
138,René de Criado,caballeroteofila@example.net,+34 844 810 705
139,Félix Atienza Alemán,pontbegona@example.net,+34 876 064 213
140,Otilia del Adán,dortiz@example.net,+34943372880
141,León Monreal Blázquez,delgadojose-carlos@example.org,+34826 636 338
142,Rómulo Villaverde Pi,adadiaperla@example.org,+34980 47 52 08
143,Rosalinda Amarilis Rosa Oller,domitila39@example.org,+34 800014720
144,Natalio Losada,bruno39@example.org,+34849 87 45 17
145,Amado Arribas Gallo,gmoran@example.net,+34941778787
146,Ceferino Ordóñez Arnaiz,ruysalcedo@example.com,+34 987908771
147,Rosalía Seguí Chacón,rosarioropero@example.org,+34985 84 29 66
148,Federico Corominas Seguí,clarisa90@example.net,+34 924 41 14 21
149,Zacarías Amaya Montero,gelabertodalis@example.com,+34 874 106 985
150,Sabas Osorio-Plaza,ycalleja@example.org,+34702 52 88 43
151,Morena Arribas Heras,jmorell@example.net,+34828 58 90 40
152,Eleuterio Ruben Juan Sarabia,marinoartigas@example.org,+34 821 673 268
153,Fernanda Quintana Quero,walvarez@example.net,+34942 345 318
154,Ariel Arnau Pomares,treguera@example.org,+34 947 74 36 44
155,Aroa del Riba,jaumechus@example.net,+34 913 180 685
156,Nazario Paniagua Collado,eduardo12@example.net,+34 964 499 811
157,Amor Anglada Folch,omiro@example.net,+34901 22 61 34
158,Blanca Elisabet Carnero Maldonado,kesteban@example.com,+34979 876 446
159,Jacobo del Vera,nmarques@example.org,+34 924 958 628
160,Venceslás Jafet Falcón Borrás,hfabregat@example.com,+34 974057056
161,Pilar Pino Perea,reginaizaguirre@example.org,+34923 053 867
162,Amparo Armengol-Herrera,bonettiburcio@example.com,+34976732957
163,Joaquina de Sales,rodrigomarisela@example.com,+34 826668450
164,Juanita Cal,salvadorcirino@example.org,+34 737480645
165,Nacio Gaya Mir,kolive@example.org,+34727 268 744
166,Curro de Becerra,sastreetelvina@example.com,+34 925 95 65 55
167,Graciano Artigas Casas,valerofranch@example.com,+34 980 113 773
168,Isabel Gil Taboada,jesusaochoa@example.org,+34 900 83 12 81
169,Elías Palma Martorell,vivesmacarena@example.org,+34 927 87 29 29
170,Bernardino Cal Solano,calistoparra@example.org,+34 980 58 44 27
171,Timoteo Cañellas,parejodalila@example.org,+34 824 126 220
172,Juan Pablo Jordá Pavón,coralguerra@example.net,+34843 67 19 04
173,Aránzazu Celia Palomares Campoy,fsarabia@example.org,+34926 669 928
174,Angélica Arteaga Pazos,upont@example.com,+34825 80 75 64
175,Leopoldo Lucena Tolosa,almasegarra@example.com,+34 918 536 029
176,Sarita Fátima Salas Arranz,rogelio74@example.org,+34 971987270
177,Aroa Roman Company,vgaray@example.net,+34 976 03 87 09
178,América Llabrés Fuentes,tomas16@example.com,+34886 214 066
179,Amado del Chamorro,zescobar@example.com,+34 823 629 088
180,Rodolfo Bauzà Verdú,febeacuna@example.com,+34873 72 54 91
181,Isaac Román Belda Palomino,victoriano77@example.com,+34888 79 98 27
182,Julieta Corral Macias,santamariaguadalupe@example.net,+34860961956
183,Belén Ribera-Rozas,elvirasola@example.org,+34 978783507
184,Almudena Acedo Godoy,felorza@example.net,+34743895370
185,Ana Belén Armengol,rosalva61@example.com,+34 877 05 96 81
186,Felicia Robledo,eulalia70@example.com,+34 847 61 99 48
187,Leonel Rico Río,lucia91@example.com,+34972828123
188,Teodoro Merino Uribe,ochoarosenda@example.net,+34971 45 92 08
189,Roxana Villalba,zalmagro@example.net,+34 976 351 875
190,Vasco Río Lloret,aranaencarnita@example.org,+34 922 341 473
191,Ramiro Santamaria Sureda,valderramaelisa@example.org,+34 832 26 22 89
192,Malena del Recio,chema03@example.org,+34848 566 679
193,Sandra Cepeda Marcos,ftenorio@example.net,+34 872918768
194,Itziar Lorenzo,catalamacario@example.net,+34936554125
195,Inmaculada Pía Cózar Girón,eugenialamas@example.org,+34972 467 448
196,Mauricio Aparicio Escudero,ramonangulo@example.com,+34841096611
197,Eligio Carrera,violeta73@example.net,+34882 20 25 48
198,Sebastian Bosch Torralba,luzfelisa@example.org,+34824296458
199,Lázaro Vigil-Cabeza,barrosomilagros@example.net,+34824 540 016
200,Daniel Burgos,asaez@example.net,+34982958385
201,Tiburcio de Santos,artemiorebollo@example.com,+34947 603 541
202,Paulina Garzón Ochoa,efiol@example.com,+34 824986583
203,Jenny Alberto Batalla,marcelajaume@example.org,+34 945 19 14 30
204,Nicodemo Zurita Rosell,romulo70@example.com,+34 926 28 93 89
205,Apolinar Carlos Chamorro,rarevalo@example.com,+34827 297 342
206,Juan Carlos Jerez Vizcaíno,clemente75@example.net,+34 941 20 85 32
207,Adora Palacio Chacón,hermenegildoduenas@example.net,+34 824 13 91 36
208,Prudencia Bayo-Zurita,cristianporcel@example.org,+34807 33 81 38
209,Toni del Tamarit,gamaya@example.net,+34 988 902 699
210,Atilio Acevedo,eustaquiopinedo@example.com,+34 927 09 12 33
211,Manolo Rojas Téllez,eutimiopla@example.com,+34858 70 33 74
212,Sigfrido de Barco,tomasarevilla@example.org,+34 922 67 97 53
213,Cebrián Izquierdo-Ayala,marinomanzanares@example.org,+34 987 104 000
214,Lucila Rivas-Sureda,avilablas@example.org,+34 875043093
215,Rosario Ojeda Arias,salvadorbastida@example.com,+34825719676
216,Maximino Solsona Nicolau,pereirapia@example.org,+34 986 699 944
217,Jorge Martínez Zorrilla,alcidesandres@example.com,+34 667 98 69 04
218,Mateo Mariño Duran,luisarodenas@example.org,+34 956240759
219,Olegario Macario Miralles Casanovas,marino46@example.org,+34 955 11 62 09
220,Paz Serna-Vidal,dgomez@example.net,+34737 275 568
221,Esmeralda Carla Caro Martorell,rosalina75@example.com,+34 843110308
222,Ernesto Palomar,madrigalvictoriano@example.org,+34800 32 88 48
223,Alejandra Campos Trillo,ligia49@example.net,+34973 26 73 55
224,Marcial Roldán Vila Catalá,jordareinaldo@example.net,+34925 809 994
225,Octavio Godoy Robles,paco66@example.org,+34 717 16 88 54
226,Paloma Nieto Torrents,germanharo@example.com,+34848 82 34 11
227,Bernarda Mancebo Barrena,camponestor@example.net,+34708 549 618
228,Alejandra Gascón Báez,virginia47@example.com,+34917 54 76 97
229,Luciano Villaverde Castejón,lucioarco@example.com,+34 910 23 24 28
230,Selena Barco Herrero,quique37@example.net,+34 843 85 33 44
231,Balduino Alfonso Alvarado Pereira,castillaadrian@example.net,+34886325674
232,Zaida Tamayo-Atienza,tmedina@example.com,+34843 45 26 03
233,Rosendo Sanmartín Franco,barraganana-belen@example.com,+34 979 322 837
234,Silvia Belmonte Pérez,pelayo58@example.com,+34924 373 231
235,Adalberto de Olmo,pepita63@example.org,+34986 430 428
236,Prudencio Guerra Agustí,opalomar@example.org,+34 981367001
237,María Teresa Aguilera Anglada,tfalcon@example.net,+34 986322969
238,Martín Leoncio Manzanares Pereira,venceslas50@example.net,+34873343927
239,Pascual Sancho Hoz Mosquera,albano92@example.com,+34877257513
240,Pacífica África Font Guzmán,marina53@example.net,+34980676634
241,Paco Rico Morata,eloymari@example.net,+34 846 338 292
242,Quique Jaén Aguilar,pagesjoan@example.com,+34 951155945
243,Saturnina Salas,rodriguezofelia@example.com,+34 874 185 950
244,Gracia Beltran Castrillo,ale28@example.org,+34800675918
245,Ciriaco Prada Yáñez,juliana73@example.com,+34 823 348 765
246,Ani Aragón,chusmoreno@example.org,+34 872 451 423
247,Cristian Vazquez Antón,apolinardonoso@example.net,+34921114453
248,Asunción Pascual Viña,pachecofernanda@example.net,+34 901059889
249,Leopoldo Gálvez-Uriarte,rogelioverdugo@example.net,+34 824153207
250,Nayara del Alfonso,edu37@example.com,+34948 70 43 98
251,Rosalva Moll-Jara,regulo97@example.net,+34 841 783 970
252,Pascuala Crespo Roma,campilloemilia@example.com,+34977 143 799
253,Ale Sevillano Vendrell,guijarrocalista@example.com,+34981566568
254,Carla del Lerma,julian95@example.org,+34732 73 07 34
255,Miriam Iglesias Jimenez,gabino44@example.net,+34 988342927
256,Marita del Vargas,rescolano@example.net,+34944 44 24 08
257,Elodia Caparrós-Giner,pepita93@example.org,+34 888519514
258,Anna Costa Benavides,lflores@example.com,+34 824 991 141
259,Severo Marí Haro,dfajardo@example.net,+34841 627 606
260,Galo Nogueira-Lucas,eroman@example.com,+34 902 368 463
261,Cipriano de Rivera,brunilda47@example.org,+34 887 23 23 29
262,Alfonso Canet Uriarte,qlerma@example.com,+34 983530631
263,Ciriaco Roig Marin,lginer@example.com,+34 705 29 31 63
264,Pastora del Valenzuela,quirino58@example.org,+34 977 01 76 69
265,Verónica Benito Neira,bmartin@example.org,+34806 98 22 21
266,Gonzalo Galiano Pareja,maria-carmen74@example.org,+34976 68 82 37
267,Maite Murcia Zurita,mabril@example.net,+34 978 77 95 74
268,Erasmo Menendez Alberola,guadalupe85@example.com,+34 971085518
269,Jessica Concepción Sabater Torrents,marcial34@example.org,+34 982 713 320
270,Ester Seguí Carreras,folchclara@example.org,+34 806 172 776
271,Adelina Noemí Montero Fortuny,lorenaserra@example.com,+34846 623 473
272,Poncio Villanueva Saldaña,epifaniobadia@example.org,+34 885 001 140
273,Estrella Alegre,bamo@example.com,+34978 60 18 43
274,Agustín Cerezo Larrañaga,pinillaolegario@example.net,+34 706 39 93 53
275,Vasco Hernández Artigas,xtena@example.net,+34 926715952
276,Luisa Cuenca-Baró,efrain88@example.net,+34979 07 79 90
277,Hilario Montaña Chico,salvadorayuso@example.com,+34 924 96 78 24
278,Jesusa Martí Santamaria,arielgaya@example.com,+34 921 21 17 41
279,Carmelita Delgado Mateos,valleslucho@example.org,+34 975 00 54 93
280,Pánfilo Alonso Alberdi,uquintanilla@example.net,+34 941 445 166
281,Chita Cuesta,peraltamaura@example.com,+34 945 726 580
282,Armida Canet Robledo,lcheca@example.org,+34853 451 212
283,Florentino Peralta Castrillo,mirdora@example.com,+34 947 966 995
284,Dora Angulo Isern,piaalemany@example.com,+34 882 520 651
285,Abigaíl Manrique Mate,pepitapozuelo@example.com,+34749607090
286,Ruy León Batalla Donaire,josefinadalmau@example.net,+34 822765215
287,Timoteo Tejedor,fraya@example.org,+34977 949 518
288,María Bello Torrecilla,eustaquio31@example.net,+34 746069406
289,Mariano Moreno Simó,hernando97@example.net,+34 875 986 760
290,Fortunata Pascual,emiliourrutia@example.com,+34 900 94 55 99
291,Salomé de Mateu,adelardomelero@example.org,+34 828912150
292,Dulce Espinosa Hoyos,pilivicente@example.com,+34 848743248
293,Jacobo Anaya,ayusofidel@example.org,+34 983 64 58 79
294,Pascuala Adadia Río,jose-mari95@example.org,+34 822 24 03 74
295,Ruperto Salazar Hierro,osevillano@example.net,+34849127709
296,Calista Porras Alvarez,alcidesheras@example.com,+34 873372949
297,Loreto Sanmiguel Salas,gasconflorentina@example.org,+34 867862337
298,Narciso Cortes,uayllon@example.net,+34 729 153 847
299,Estrella Dueñas Casals,lidiavall@example.net,+34920 10 97 35
300,María Martínez Garay,armengoljose@example.org,+34 974156417
301,Águeda Morcillo Quintanilla,jgisbert@example.org,+34 825 56 20 77
302,Diana Arroyo-Coloma,bernardobermudez@example.net,+34 846 539 212
303,Carmen Roma Jimenez,rosendatomas@example.com,+34 849 37 02 79
304,Cecilia Cases Moles,benitezdaniel@example.com,+34927 924 943
305,Fermín Arroyo,estevezclotilde@example.net,+34987 14 80 57
306,Otilia Villa Cardona,smayol@example.com,+34 973972476
307,Haydée Llorente Palomares,dulcelucena@example.net,+34 876825879
308,Cecilia Leocadia Mariscal Quero,cuadradoamador@example.com,+34972334012
309,Fortunata Viana,jose-ramonmelero@example.org,+34 944 209 279
310,Modesta Cisneros Santos,mohamed48@example.org,+34902 94 01 15
311,Rebeca Guiomar Gras Carmona,emiliovalenzuela@example.com,+34928 29 37 16
312,Pastora Valcárcel Cruz,tomasacerezo@example.org,+34875324208
313,Omar Prada Barragán,fidel52@example.com,+34 875 954 825
314,Luciano Palomares Sala,damiancollado@example.net,+34848884916
315,Adelardo Juliá Oliva,eliseo02@example.com,+34 974032333
316,Vilma Arregui Guillen,cvillaverde@example.net,+34 887 142 585
317,Claudio Escamilla Coca,estevezgisela@example.com,+34821241886
318,Jonatan Caballero Iglesia,mrivas@example.net,+34884 88 24 36
319,Bienvenida Porras Almazán,nacio58@example.net,+34 860 63 64 44
320,Dionisia Enríquez Izaguirre,dayuso@example.org,+34926 34 18 00
321,Dionisio Alcaraz Ordóñez,qestevez@example.net,+34 888339648
322,Candelas Lorenzo Raya,arnalmaria-fernanda@example.net,+34 879676508
323,Anselmo Giner Luján,noelia13@example.com,+34 938685721
324,Eliseo Armengol-Dueñas,tomasacordoba@example.org,+34 849 980 195
325,Antonio Morales Agullo,amorguitart@example.com,+34941600282
326,Febe Aurelia Cózar Benítez,oliverateodosio@example.net,+34900 14 00 76
327,César Verdugo Sans,yjuarez@example.com,+34 845682346
328,Lucio Gonzalo Anaya,barreralupe@example.net,+34946 866 350
329,Rafaela Bárbara Saura Gelabert,yaviles@example.net,+34874 20 77 34
330,Hermenegildo Carpio Miguel,vborrego@example.org,+34 944 01 84 67
331,Amparo Andreu Martinez,florina76@example.com,+34975 89 86 35
332,Adelina Miró Carro,esmeralda23@example.org,+34843 810 865
333,Brígida Brunilda Huerta Camps,olga33@example.org,+34 803 574 957
334,María Asenjo Gomez,hernando91@example.com,+34 947 86 07 35
335,Mariano Tejada Rios,cpaez@example.org,+34 947 652 346
336,Íngrid Marisela Boix Cordero,gpera@example.net,+34828 80 95 29
337,Emelina de Pérez,perellocecilio@example.com,+34945414781
338,Horacio Cortes Arregui,zmesa@example.com,+34982729106
339,Alejandro Feliu Parejo,aposada@example.com,+34847580752
340,Virginia Consuelo Arellano Dávila,kfeijoo@example.org,+34 980 291 174
341,Leonor Campoy Zamora,aguilotecla@example.org,+34 887779607
342,Gisela Giner,ballesterospatricio@example.net,+34 927 654 456
343,Bienvenida Carro Pomares,leonel99@example.net,+34846 21 06 36
344,Dionisia Crespi Lara,valentin89@example.com,+34 807 609 420
345,Óscar Mulet Rubio,danilo39@example.com,+34877 371 755
346,Edmundo del Benítez,dmuro@example.net,+34881712599
347,Leoncio Peiró Castellanos,natalia82@example.org,+34 922348596
348,Asdrubal Soriano Anguita,mconesa@example.com,+34 943790882
349,Benito Federico Collado Luz,severojaume@example.net,+34872176879
350,Alfredo Pallarès Vergara,rcampoy@example.com,+34884 19 90 75
351,Eva Noriega Gomis,jlumbreras@example.net,+34 978 06 49 54
352,Hilario Díez,galvezeliseo@example.org,+34 849220717
353,Priscila Benavides Mate,turursula@example.net,+34820 898 325
354,Gloria Barón Teruel,rosadolope@example.net,+34980 72 77 72
355,Aristides de Montaña,flaviohervas@example.org,+34 879 94 70 54
356,Marcia Elorza,maristela25@example.org,+34876 535 410
357,Ruth del Vega,abrahamsotelo@example.com,+34 981 773 498
358,Evelia Páez Melero,molinaarturo@example.com,+34981 87 67 45
359,Felicia Alfonso Sebastián,america22@example.com,+34928 32 08 85
360,José Díaz-Ordóñez,bernabe41@example.com,+34 822 189 218
361,Loreto Gómez Ripoll,adora58@example.com,+34 973482134
362,Ángela de Lobo,cprado@example.org,+34985441882
363,Hortensia Garrido,serranorosalinda@example.net,+34 941 54 79 33
364,Martin Carrera Rivas,erevilla@example.net,+34877 702 131
365,Nereida Pi,casalmiriam@example.net,+34717 96 58 32
366,Florencio Gil-Pavón,reyesfortunato@example.net,+34941 748 727
367,Rosario Solsona Saavedra,barreraximena@example.net,+34828157543
368,América del Tapia,viniciofigueroa@example.com,+34 943 173 434
369,Alberto Soler Jordá,ciprianovalderrama@example.com,+34984 55 54 13
370,Cipriano Múñiz Yáñez,elba48@example.org,+34934 81 26 71
371,Jafet Gomis Tolosa,obarral@example.org,+34920 670 058
372,Noa Colom-Carrasco,victorianosaez@example.net,+34 941 111 176
373,Lorenzo Jaume Rebollo,pedroluisina@example.com,+34 723 13 63 34
374,Primitivo Saez Fabra,gconesa@example.net,+34 842640928
375,Onofre Hernando-Duque,polcrescencia@example.net,+34 878745792
376,Nieves Simó Rovira,ursula50@example.net,+34988 10 25 14
377,Virginia Campo Escudero,psolana@example.com,+34902 225 465
378,Iván Serra,tmurcia@example.com,+34 956 796 800
379,Regina Adela Álvarez Cantero,daniela50@example.org,+34 724744098
380,Gerónimo Alberdi Navarro,eduavila@example.com,+34 825 699 588
381,Pepito Acevedo Sarmiento,albertosegovia@example.org,+34938 88 35 88
382,Apolonia del Almazán,raimundodonaire@example.org,+34871 590 159
383,Ana Belén Peláez,valeroconrado@example.net,+34 976 58 29 68
384,Leonor de Campo,mcuesta@example.net,+34945 293 584
385,Daniela Pinilla,ricardalloret@example.net,+34884 824 387
386,Macaria Belmonte Duque,reigarmando@example.com,+34920 96 85 62
387,Odalys Aliaga Morillo,estefania34@example.com,+34 853 860 290
388,Olimpia Llamas,jduarte@example.org,+34883 68 77 30
389,Emilio Mosquera Aguilera,jacinto09@example.net,+34 900960492
390,Fabricio Jimenez Manzano,yessica31@example.org,+34 948 532 837
391,Cornelio Cabello,rcaro@example.org,+34925 083 337
392,Hilario Hernán Sanmiguel Buendía,margarita16@example.com,+34 973 81 53 36
393,Edelmira Roig,rosariogrande@example.org,+34 926 613 944
394,Perla Enríquez Juan,palmaelba@example.com,+34 885613454
395,Feliciano Orozco Boix,vrios@example.com,+34885 133 001
396,Rico Ernesto Godoy Madrigal,amortorrent@example.net,+34927949284
397,Magdalena Beltran Bernat,juarezherberto@example.org,+34876 012 000
398,Feliciano Baeza Bernal,reynapadilla@example.com,+34 945 081 480
399,Victoriano Palomo Paniagua,acedodamian@example.org,+34 709620499
400,Benigno Ortega Rosa,morillopaola@example.org,+34 974 12 31 80
401,Natanael Edmundo Alba Villa,benitezreyna@example.net,+34847504666
402,Lola de Ramírez,bharo@example.net,+34 923 79 91 61
403,Felipe Sebastián Salazar Berrocal,gironteresita@example.com,+34 848 73 60 01
404,Palmira Pomares Querol,gserrano@example.net,+34 985 17 20 75
405,Victor Gimenez Camacho,nmontesinos@example.org,+34708178061
406,Santos Balduino Mas Jerez,quirogajafet@example.net,+34978551298
407,Amaya Suárez Corral,virginiaesteve@example.org,+34977949936
408,Maximiliano Aguilera Bermudez,canizaresmaria@example.org,+34 926 62 13 43
409,María José Colom Chaves,maristelavaldes@example.net,+34627 02 50 02
410,Martín Posada Moraleda,reyna00@example.net,+34 946014525
411,Victoriano del Flor,hsolana@example.com,+34800 257 141
412,Edgardo de Fabra,bautista05@example.org,+34 869 655 016
413,Ema Concepción Luna Aguado,marciasomoza@example.com,+34 876 00 29 85
414,Amarilis Poza Torrecilla,sllabres@example.com,+34948 81 71 29
415,Gala Laguna Toro,andrea48@example.com,+34 878 206 558
416,Hector Flavio Sales Vilanova,guadalupecruz@example.com,+34901169488
417,Esperanza Ríos Flor,martirio02@example.org,+34920863890
418,Mirta Zamorano Perea,samu95@example.net,+34922 497 040
419,Nereida Córdoba-Nicolás,reynoelia@example.com,+34 888 44 16 46
420,Matías Peña-Mulet,romeuhoracio@example.org,+34 631 504 993
421,María José Pina Segarra,fgarcia@example.com,+34978 16 90 94
422,Reyes Salvador-Ruano,marcos17@example.com,+34824 366 668
423,Febe de Goñi,gonzalobadia@example.net,+34887021299
424,Macarena de Figueroa,yanezisidro@example.com,+34850969875
425,Purificación Figuerola Castillo,chema33@example.net,+34 988 117 082
426,Amor Cantón Pera,zabaletacelso@example.net,+34984757010
427,Bonifacio Pascual Arribas,vluis@example.org,+34874 050 302
428,Débora Álamo Carrasco,maciascarolina@example.org,+34 925701383
429,Cayetana Ribes,esteban73@example.org,+34 983 09 16 95
430,Leopoldo Alejo Cid Murillo,viviana36@example.net,+34983 85 42 44
431,Anna Aguiló Casas,evaristoiniguez@example.com,+34942 407 945
432,Lupita Sarita Carballo Llabrés,candelaherranz@example.org,+34711545910
433,Xavier Humberto Bonilla Canales,eliolivera@example.net,+34902 379 737
434,Iván Santana,bermudezmarino@example.org,+34 880 75 21 19
435,Galo del Goicoechea,luciafalcon@example.com,+34949 33 85 67
436,Guillermo Leandro Giner Manrique,mbernat@example.net,+34 826 44 87 86
437,Eustaquio Soriano Bonilla,aliagaurbano@example.org,+34 978 09 79 63
438,Elisabet del Solana,montanamanuela@example.net,+34979 867 018
439,Epifanio del Lerma,gaspar85@example.net,+34 848 337 077
440,Clarisa Ordóñez,lorenzo46@example.net,+34 976422205
441,Jenny Barrera Amigó,tomasa40@example.com,+34984 06 63 14
442,Ale Roca Andreu,clementeimelda@example.org,+34984 866 313
443,Narcisa Andrade Cortés,juan-luisledesma@example.net,+34900165082
444,Claudio Acevedo Jover,piocalzada@example.net,+34 924 753 336
445,Sarita Figueras Verdugo,bernardo59@example.org,+34821295034
446,María Cristina Goicoechea Santana,millanoa@example.com,+34 916 730 581
447,Ceferino Somoza,zguerrero@example.net,+34 877 065 707
448,Miriam Solera-Lopez,ocanovas@example.org,+34878105243
449,Edmundo Vélez Rius,leocadia89@example.com,+34716099207
450,Araceli Bartolomé Molins,pvidal@example.com,+34 846 412 299
451,Camilo Gabino Bárcena Villalonga,llanda@example.net,+34 880 401 170
452,Caridad Millán Losada,serafinagalan@example.com,+34 742 313 432
453,Ariel Blasco Galiano,losadabartolome@example.net,+34 885756985
454,Porfirio Vigil-Español,tania61@example.org,+34 718984498
455,Carmina Aznar Bas,nieves14@example.org,+34 849007055
456,Tadeo Cañete,hamor@example.net,+34 881838052
457,Sara Pellicer Heras,wramirez@example.net,+34 954 72 14 44
458,Pili Arias,arribasjosep@example.com,+34 887905243
459,Cecilia Esteban Narváez,salinasaitana@example.net,+34878 16 48 23
460,Carmen del Fonseca,asensiojosefa@example.org,+34 984795538
461,Amílcar Montaña Romeu,tmanrique@example.com,+34710855885
462,Dalila Valero Cabrero,anna97@example.com,+34880 12 90 60
463,Álvaro Gual Peñas,montserratbermudez@example.org,+34 947 58 88 15
464,Rosalía Garcés Pujol,yolivares@example.net,+34 817 829 118
465,Brunilda Seco,ogarriga@example.net,+34885686984
466,Ruperto Guardia Soria,gabaldonflavia@example.org,+34 926 77 82 48
467,Ema Tena,carmeloaguilo@example.net,+34971 30 93 85
468,Reinaldo Lobato,yusteaurora@example.org,+34871199449
469,Silvio Eleuterio Español Roman,eutimiocorral@example.com,+34976 79 20 33
470,Pascual Lisandro Murcia Sanmiguel,perla31@example.com,+34978 569 690
471,Sergio Prat Alberola,teodoro09@example.net,+34 880 572 708
472,Lorenzo del Valero,julie95@example.org,+34976 02 29 21
473,Albano Blanes,analago@example.com,+34 876658033
474,Osvaldo Feliu,manu24@example.net,+34 849 263 827
475,Primitiva Palau Feijoo,dblanes@example.org,+34 803 13 42 31
476,Eliseo Zorrilla-Aguilar,infanteema@example.net,+34 884 156 921
477,Severino Antúnez-Nuñez,tito68@example.com,+34 974 69 00 30
478,Custodio Izaguirre Barón,mercedescabezas@example.org,+34985815318
479,Bernabé Nicolás Fiol Tejera,comasjose-francisco@example.net,+34849 296 865
480,Malena Vaquero Blanco,pparejo@example.net,+34 822349641
481,Reyes Luna-Alegria,juan-antonio13@example.com,+34943 78 98 58
482,Claudio Verdejo Cortes,beatriz99@example.com,+34847 04 97 55
483,Jose Crespi Palacios,carrillodolores@example.org,+34 807 201 121
484,Nilda Pepita Ferrero Gomis,mateosbalduino@example.org,+34 825 34 46 38
485,Fabricio Valdés Gelabert,martirio37@example.org,+34983 367 654
486,Soledad Camps Sevilla,aramburugeraldo@example.com,+34847 560 544
487,Pedro Quirós Balaguer,bienvenida13@example.org,+34 861 454 253
488,Emperatriz Bayona Feliu,ualvarado@example.com,+34 823 94 18 25
489,Jennifer Vargas Ramírez,rivashaydee@example.org,+34 823638263
490,Nuria Cordero Alarcón,vpalomar@example.org,+34924722207
491,Esther Reina Carvajal Aguilar,farco@example.com,+34 943691637
492,Isa de Roca,genoveva64@example.net,+34 860 70 39 62
493,Fátima Rius Riquelme,pbenavent@example.net,+34 872830177
494,Selena Clotilde Bravo Carrera,xiomaramanrique@example.net,+34844764106
495,Leonor Montes Malo,nicodemo93@example.org,+34921 666 284
496,Angelita Encarnación Calderón Ponce,zamoranojuan-francisco@example.net,+34806 094 816
497,Clímaco Gual Escobar,vallejoencarnacion@example.org,+34 823 58 20 01
498,Amador Flor Figueras,duartebonifacio@example.net,+34 923980448
499,Fortunata Pera Portillo,anastasiofarre@example.com,+34984 29 05 98
500,Anita Cañellas Iglesia,bconde@example.com,+34855 817 652
501,Che Moliner Medina,maite98@example.org,+34943 385 885
502,Sancho Rodríguez Castell,gloria96@example.com,+34 920 291 706
503,Ale Nicanor Barrios Hurtado,oroldan@example.com,+34733531509
504,Gala Marti Amador,uros@example.com,+34 973143185
505,Emperatriz Aparicio-Higueras,epifanio44@example.com,+34871706196
506,Visitación Becerra Pulido,ana-sofiamolina@example.net,+34985 647 662
507,Eusebio Rueda-Saez,crespiadelaida@example.com,+34845 941 529
508,Lupe Borja Buendía,encarnacion94@example.net,+34 902831493
509,Amado Marcos Porras Mendoza,soledad33@example.org,+34 846 717 911
510,Angelina Casado Guillén,narcisomiro@example.com,+34986 69 31 98
511,Jenaro Angulo-Sales,cortinajose-francisco@example.com,+34 884287564
512,Leopoldo Bilbao Atienza,qsastre@example.net,+34 954464808
513,Araceli Reyna Saura Cerro,adelaidarovira@example.com,+34967648715
514,Amado Tormo Villar,lviana@example.org,+34922967375
515,Ale Quero-Alcalá,yolanda65@example.org,+34874 228 721
516,Beatriz Alberdi Royo,manuelmoll@example.com,+34 723 19 87 40
517,Fulgencio Oller Samper,parejobernardino@example.org,+34 913467109
518,Reina Anglada-Sanmartín,tiradoemelina@example.org,+34 702287205
519,Aristides Pedrero,micaela81@example.net,+34948 49 33 59
520,Clímaco Cuesta Villa,bustosadora@example.net,+34980 171 526
521,Yéssica Macías-Mercader,figuerasvanesa@example.net,+34974 735 416
522,Belen Costa-Vilanova,villegastania@example.com,+34 827 080 709
523,Trini Salvador Ríos,xbadia@example.com,+34924 36 70 09
524,Tristán Girón Águila,allerconstanza@example.net,+34 931588518
525,Víctor Cepeda Arnal,valenzuelanoa@example.com,+34901651893
526,Esther de Bertrán,peraolivia@example.org,+34 983 332 878
527,Lorenzo Sevilla Gargallo,lunaadrian@example.net,+34 806 56 66 79
528,Dolores Carmona,montenegromacarena@example.org,+34943 191 769
529,Reyes Bayona Casanovas,jaime55@example.org,+34 988414947
530,Gilberto Cabrero Tirado,abarragan@example.org,+34 947 739 117
531,Nerea Lozano León,tiradoroberta@example.org,+34825 08 21 50
532,Rafaela Morales Tejada,vcarlos@example.com,+34 949966371
533,Mateo Castellanos Maza,yvelez@example.org,+34 946 93 69 93
534,Aurelia Román Pedrero,gayala@example.com,+34 880726809
535,Marciano Galán Arias,benitoheredia@example.org,+34 849 353 530
536,Nerea Benítez Vizcaíno,isaac12@example.com,+34 943 75 97 55
537,Efraín Abella-Córdoba,seve93@example.org,+34842 29 06 18
538,Toribio Gracia Quintero,victor-manuelguerra@example.com,+34948165506
539,Adrián Eutropio Alberdi Amorós,wvalentin@example.org,+34979 78 02 19
540,Eva María Ruth Agudo Sastre,marciavelasco@example.net,+34947 093 839
541,Teresita Arroyo Gilabert,anabelserna@example.com,+34888 767 328
542,Clarisa Emperatriz Galan Roman,cblanca@example.org,+34941 186 648
543,Pacífica Ibañez Gonzalez,zsimo@example.org,+34 803 71 17 44
544,Jose Manuel Felipe Arjona Orozco,fandrade@example.org,+34 920 26 65 43
545,Rolando Seco Pou,candelamarino@example.com,+34871295025
546,Teobaldo Palacio Borrell,evangelinaaguilar@example.net,+34886849065
547,Leire Llopis Checa,valerio71@example.com,+34 921 817 776
548,Marcio Iñiguez Rivero,paco00@example.org,+34878 44 22 55
549,Lucio Comas,imanrique@example.com,+34724 20 53 58
550,Rodolfo Virgilio Verdejo Lobo,pastora60@example.net,+34 876950925
551,Belén Segovia Ayuso,nacosta@example.org,+34883196612
552,Guillermo Juan Pablo Borrás Silva,violeta81@example.org,+34 944096061
553,Alma Anguita Benavente,vicentavillar@example.com,+34921 51 17 52
554,Miguel Ángel Egea,gabrielprieto@example.net,+34 928 53 20 88
555,Javier Guijarro Gallardo,lastramaria-angeles@example.org,+34 945013720
556,Luciano Páez,rojascandida@example.org,+34 958968223
557,Leticia Hidalgo Villar,lunabenitez@example.net,+34878 08 24 05
558,Calisto Castañeda Navas,victor-manuel04@example.com,+34733 92 26 84
559,Gema del Hurtado,ezapata@example.net,+34 955325600
560,Alejandra Dominguez Ferreras,isabel18@example.com,+34877813135
561,Nando Ródenas Zabaleta,carmelitaalbero@example.net,+34 718 93 69 58
562,Verónica del Capdevila,lruiz@example.org,+34 848959225
563,Gabino Torre Roca,damigo@example.net,+34 878332042
564,Teo Muñoz González,ema44@example.org,+34 972 637 895
565,Saturnina Terrón Álamo,calixta32@example.org,+34885 80 25 14
566,Tatiana Portillo Calvet,andresribas@example.com,+34875 711 121
567,Renata Terrón,marciaredondo@example.com,+34849532426
568,Severo Escudero,roldan03@example.com,+34871 299 236
569,Curro Beltran Berenguer,gilnicodemo@example.org,+34725 434 780
570,Flor Hidalgo-Arenas,clara59@example.com,+34 942 500 768
571,Faustino Samper Soria,felisa44@example.org,+34 988848938
572,Melisa Villa Pombo,sanmartinaraceli@example.org,+34983 307 453
573,Abel Riba Gisbert,rufinoplana@example.com,+34854340946
574,Irene Vila Becerra,emiliana39@example.com,+34 702 18 91 00
575,Herminio Arrieta Buendía,faragones@example.org,+34 938 65 20 69
576,Otilia Joaquina Blasco Colom,maria-cristina46@example.com,+34 838894372
577,Vanesa Aguiló Tejera,jmora@example.net,+34820 44 43 59
578,Dorita Busquets Vila,sabaterbruno@example.org,+34 844 145 229
579,Rico Lucio Cuadrado Echevarría,nydia38@example.com,+34827 55 83 12
580,Carmelita Luisa Cabeza Peralta,ocolom@example.org,+34 841 12 89 56
581,Cristina Olmedo Lledó,lladojuan-pablo@example.net,+34975089997
582,Trinidad Larrea-Lastra,ebravo@example.org,+34745 036 395
583,Miguel Bermudez Guillen,nydia14@example.net,+34827685713
584,Albano Vázquez Cuenca,manu97@example.com,+34 949 083 694
585,Angelina García Valle,jdalmau@example.com,+34848 206 112
586,Segismundo Herrera-Casares,coralbustos@example.com,+34 843978293
587,Belén Ámbar Carrasco Riera,inesquintanilla@example.net,+34 873 040 398
588,Petrona Castellanos Barba,rogelio57@example.org,+34 983 03 12 84
589,Teresita de Dalmau,hsanabria@example.net,+34 884593113
590,Jenaro Coloma,cseco@example.net,+34858 155 254
591,Brígida Pera Elorza,giselaarnal@example.net,+34947944094
592,Maristela Garcia Otero,anastasiabaron@example.org,+34 847 56 60 81
593,Margarita Valenciano Llobet,miguelestela@example.net,+34 728 674 338
594,Jose Manuel Murcia-Bertrán,eduardogalvez@example.com,+34 821 734 622
595,Regina Galvez Álvaro,lucas08@example.net,+34 834345621
596,Porfirio Martín Hoyos,herminio86@example.com,+34911 00 89 60
597,Juan José Donaire Menendez,lbello@example.net,+34 828 85 60 22
598,Celia de Rocha,ameliapou@example.net,+34843125591
599,Vinicio Tadeo Rosa Ramirez,wruiz@example.com,+34 925 34 34 59
600,Edelmiro Rodolfo Barrios Nuñez,hsanmiguel@example.org,+34924572887
601,Alicia Almansa,callejaponcio@example.org,+34 821 74 45 57
602,Santiago Carreño Márquez,vivianafolch@example.com,+34 877 74 84 07
603,Íñigo Sanabria-Segura,gayarocio@example.com,+34 831 797 034
604,Adela de Puente,millabasilio@example.com,+34 984499616
605,Bartolomé Daza Suarez,hcal@example.com,+34 971893566
606,Ágata Azorin Palma,castellanoseligio@example.com,+34942064644
607,Sancho Aramburu Manzano,flavioolive@example.com,+34874599806
608,Amaro de Duque,nicoroig@example.org,+34828 52 23 50
609,Julie Ángel Amigó,malena30@example.org,+34873201043
610,Calixta Ayllón Paz,rodolfopadilla@example.net,+34947987132
611,Mercedes Pomares Torrens,rfranco@example.net,+34926 59 15 52
612,Abilio Heredia-Garriga,ricardo82@example.com,+34849721229
613,Vilma Barco Lledó,aoliveras@example.com,+34 846225517
614,José Luis Talavera Tejada,dcano@example.org,+34878 875 706
615,Ibán Gárate Tapia,bbarroso@example.com,+34 823373698
616,María Teresa Orozco Tomás,ibarraconrado@example.net,+34 941 12 91 46
617,Pío Naranjo Medina,aguiloguadalupe@example.net,+34826 77 41 52
618,Casandra del Alberdi,mamen62@example.org,+34 902767667
619,Cruz Gras,zabaletaanselma@example.com,+34 803884180
620,Pepito Prado Escamilla,anselmaamigo@example.net,+34845087553
621,Águeda Agullo Godoy,olimpiajara@example.net,+34 927180622
622,Ester Pardo Carbó,gisbertamilcar@example.net,+34886 136 472
623,Amor Berrocal Tamarit,leonorbayon@example.org,+34837671062
624,Aurelio Rosado Rodriguez,ucardenas@example.org,+34735 01 47 68
625,Joaquina Carlos Pou,villalbamodesta@example.com,+34883830138
626,Eloy Porras,casasamilcar@example.net,+34 824 68 46 94
627,José Manuel Tamayo Girón,fpaez@example.org,+34800 800 104
628,Lucila Salvador Huertas,samu14@example.com,+34965958821
629,Esther Otero-Díez,figuerasangelina@example.org,+34932 00 76 09
630,Victoriano Ripoll Fuertes,hagudo@example.org,+34876 878 992
631,Nydia Aguado Santamaria,sharo@example.org,+34 942 43 17 12
632,Gloria Lara Balaguer Alcázar,giselasedano@example.org,+34826 446 332
633,Florentino Gisbert,machadonando@example.org,+34 923 011 042
634,Marisela del Merino,xaroca@example.com,+34 878241552
635,Marcelo Pou Villegas,salgadogil@example.org,+34821 62 71 76
636,Andrés Felipe Sanchez-Cárdenas,dcarbonell@example.com,+34 839981314
637,Glauco Saldaña Martínez,dconesa@example.org,+34976 039 603
638,Jose Ramón Oliveras Nicolau,ricomartin@example.net,+34980 55 04 16
639,Paula Alberto Tur,julieasensio@example.org,+34 987955050
640,Jenaro Balaguer-Coloma,wcheca@example.org,+34833896095
641,Gracia Tirado Vazquez,bernardita62@example.com,+34887 431 653
642,Melisa Vera Bermejo,casasraul@example.net,+34 988 76 09 94
643,Belen Santana Miguel,wpalacio@example.net,+34820 411 377
644,Bartolomé Marquez Armengol,portajulio@example.org,+34 983993919
645,Plinio Roda Gascón,xiomaracarrion@example.org,+34873 120 839
646,Juan José Ferrándiz Vargas,cocaabel@example.com,+34921 621 060
647,Elisabet Valencia-Bernal,azenethsimo@example.org,+34900736351
648,Florencio Figueras Segarra,bbecerra@example.net,+34 977 849 774
649,Maristela Cortina Bauzà,mirnerea@example.net,+34827 91 50 23
650,Abilio Naranjo Llopis,montoyacalixta@example.com,+34 921 671 455
651,Carina del Aroca,hectoralba@example.com,+34872626520
652,Simón Pulido Larrea,oliveleocadia@example.org,+34875688528
653,María Dolores de Campillo,edgardo85@example.org,+34925726458
654,Cristian Colom Navas,upavon@example.org,+34 942 91 67 37
655,Raimundo de Coello,almagrofernanda@example.net,+34883 271 535
656,Nicolás Vargas-Riera,ocriado@example.net,+34 847 759 136
657,Rosendo Murillo Orozco,piedad24@example.net,+34 966609503
658,Ale Débora Heras Barranco,ugartepaz@example.org,+34 807 600 015
659,Eric Nogueira,julieta83@example.org,+34920 079 862
660,Carmelo Gomis,jeronimo92@example.net,+34871658957
661,Máxima Cortes Seco,nicolasmarcia@example.org,+34849 916 747
662,Eleuterio Cervantes Pinto,psoria@example.org,+34 887 36 73 18
663,Fermín Palacios-Alcalá,marcial98@example.com,+34967 851 718
664,Juanita de Ramis,manolo84@example.org,+34901948091
665,Yago Vargas Román,gtorrens@example.com,+34 927111912
666,Macario Soria-Rivero,xheredia@example.org,+34 882030609
667,Adelina Jaén Llorens,uriaemilia@example.com,+34 886357186
668,Nacho Vélez Suárez,plinio74@example.com,+34983343532
669,Raquel Arregui Hernández,xreig@example.com,+34 942833149
670,Cleto del Posada,pascualmoraleda@example.org,+34973 060 966
671,Nazario Agustín Sainz Serra,jose-miguelmiguel@example.org,+34 949 69 82 09
672,Priscila Roldán Pallarès,bautistajaen@example.com,+34922 63 70 95
673,Martirio Poza Royo,vilaplanabernardita@example.com,+34977 63 20 97
674,César Vallejo Estrada,gracianopedro@example.org,+34 885 658 292
675,Nilo Duarte Llabrés,vmanzanares@example.org,+34 825 09 15 51
676,Clara Padilla Calvo,borjaurrutia@example.org,+34820 223 224
677,Paula de Borja,encarnita51@example.org,+34900 00 72 44
678,Adolfo de Barros,plazaabel@example.net,+34 871040271
679,Vanesa Aranda Hoyos,brunilda40@example.net,+34881 51 54 41
680,Felisa Caro,paulina66@example.net,+34886641463
681,Constanza de Carrión,nataliosalvador@example.net,+34 971 71 73 06
682,Brunilda Crespo Matas,pimiriam@example.net,+34 986 488 391
683,Perla de Serra,gibertesperanza@example.com,+34 819 55 81 62
684,Yolanda Casals Ricart,smiro@example.org,+34847697675
685,Yéssica Colomer Millán,tcatalan@example.net,+34884 876 682
686,María José Poza Noguera,nevadoeva@example.org,+34920184591
687,Estela Tomas Cózar,xsans@example.org,+34977 93 42 02
688,Guillermo Mascaró Pou,saezvicente@example.net,+34983 912 033
689,Ana Sofía Fortuny Duque,encarnita56@example.com,+34 974 63 73 05
690,Carolina Briones Barceló,frequena@example.net,+34985 778 261
691,Ruperta de Navarro,rebecalucas@example.com,+34822 031 438
692,Raquel Otero-Valle,ricardo33@example.com,+34 901 43 01 55
693,Vera Vendrell Díez,martin37@example.org,+34806 44 44 96
694,Gabriel Soler Maza,gasparcuesta@example.org,+34925 228 830
695,Mercedes Macias Estévez,dorozco@example.org,+34 972 168 801
696,Américo Blázquez,hernandovirgilio@example.net,+34 845 560 998
697,Bienvenida Yáñez Valera,fbarrena@example.org,+34941466220
698,Santiago Andres Casanova,zcuevas@example.org,+34916 48 99 14
699,Marco Prat Jordá,teodosiogarate@example.com,+34987 19 86 49
700,Damián del Roma,pizarrofernando@example.org,+34 979 05 02 87
701,Jacinta de Blanes,amatmaxima@example.org,+34626 149 319
702,Nando Huguet,emilianoperez@example.com,+34988346639
703,Blas Paco Pelayo Benavides,inescadenas@example.net,+34 877236995
704,Julio Marino Sedano Gimenez,ucasares@example.com,+34 826 38 26 27
705,Brígida Bravo Jara,sosamanuel@example.org,+34872 95 32 97
706,Teresita Martin Martinez,eusebia15@example.org,+34 987 005 975
707,Amaro Mascaró Aramburu,dulce60@example.org,+34 884305496
708,Alex Barón Carreras,calixtoamat@example.com,+34 901 523 835
709,Rodolfo Aguilar Herranz,amor17@example.net,+34981522152
710,Paola Palmer Melero,gallardoclaudia@example.net,+34918 330 392
711,Salomón Tejada Macías,dnino@example.net,+34 974 748 645
712,Renato Gómez Sastre,lunarene@example.net,+34 920 71 05 12
713,Hernán Ibarra-Ballester,rossellomirta@example.org,+34 977 19 86 37
714,Armando Vidal,gamores@example.com,+34 878 27 30 63
715,Asunción Sainz Villar,mollcloe@example.org,+34983 007 035
716,Imelda Lopez,lcases@example.org,+34 976 633 246
717,Gilberto del Aragonés,emigdio96@example.org,+34944 041 077
718,Eliana de Tormo,mhervia@example.com,+34944 06 03 37
719,Dalila Peiró Andrade,nsantos@example.org,+34983 56 17 28
720,Renata Cruz Ferrando Busquets,matias35@example.com,+34946 200 461
721,Jose Barranco Calderon,gonzalo83@example.net,+34 874262646
722,Edelmiro Cuervo Cáceres,tpizarro@example.org,+34877 310 534
723,Dimas García-Amigó,ealmagro@example.com,+34900 31 14 71
724,Adora Ayuso Durán,chucho41@example.com,+34877 070 898
725,Albina de Sala,eusebio45@example.net,+34 943 51 72 08
726,Víctor Pombo Roda,hvillaverde@example.net,+34 883229941
727,Ángela Tamayo Expósito,serraimelda@example.net,+34 945 34 87 69
728,Albina de Sans,bllano@example.org,+34948242506
729,Rafaela Luján Puga,paolabueno@example.net,+34 927612886
730,Iván Salinas Belda,felisaanton@example.net,+34 708 824 995
731,Priscila Peñas,mascaropepito@example.net,+34981185323
732,Lara Bárbara Piquer Andreu,galantadeo@example.org,+34919 479 231
733,Belen María Manuela Verdejo Campos,manuela48@example.net,+34 875 02 35 57
734,Bruno Cuesta Ibarra,ruy79@example.org,+34845 04 45 42
735,Constanza Pardo Noguera,blanchjosue@example.org,+34881736946
736,Noemí Adelaida Verdú Llabrés,adora62@example.com,+34 941 57 74 58
737,Melisa Roldán Esteban,vicente62@example.org,+34944 53 92 34
738,Valentín Galiano,arandajacinta@example.net,+34972 92 62 74
739,Judith Duran Carrera,guerraraimundo@example.com,+34 943 17 64 14
740,Antonio Simó Porta,jtudela@example.com,+34 803720119
741,Paco Gordillo Goicoechea,regulo52@example.net,+34821 57 28 30
742,Febe del Alba,caridad23@example.org,+34 849 37 39 78
743,Elisabet Arnau Elorza,qsalmeron@example.net,+34 985 851 491
744,Agapito Guerra-Cordero,vazquezmaximino@example.com,+34 942 78 79 29
745,Eva María Ferreras Rozas,contrerasurbano@example.net,+34 849718221
746,Faustino Ballester Sastre,cayetanabayo@example.net,+34 659 62 03 58
747,Tristán Manzanares Rico,taniaamaya@example.org,+34 926 47 64 85
748,Visitación de Olmedo,zbenitez@example.org,+34879 12 02 45
749,Luís Vergara Ariño,bporras@example.net,+34 843237091
750,Néstor Ramón Galván,odomingo@example.org,+34 858392154
751,Celso Estevez Francisco,cifuentesangeles@example.org,+34 871334301
752,Adolfo Rozas Giner,nilda58@example.org,+34 826 81 23 60
753,Constanza Esteban,bernardavigil@example.net,+34 873 49 16 74
754,Pascuala Galindo,alvarezleandra@example.com,+34 971 16 81 83
755,Trinidad Montenegro-Martinez,alberto38@example.net,+34 946 573 230
756,Aurora Luz Busquets,mpintor@example.com,+34878495516
757,Candelas Gimenez-Fábregas,lina80@example.org,+34842 479 842
758,Marta Solís-Espejo,torreanastasia@example.com,+34877 547 152
759,Vito Ricardo Gibert Rincón,noa43@example.org,+34 846437930
760,Vasco Román Rosselló Carreras,hilda66@example.org,+34977900334
761,Ariel Jaén Pi,poncio89@example.net,+34882 52 45 10
762,Odalis Sanz Garmendia,nereidamartinez@example.com,+34 823 616 246
763,Augusto Cazorla Benavente,vallmaria-jesus@example.net,+34974 497 551
764,Ceferino Díaz Bustos,hblanch@example.org,+34 887 48 31 42
765,Micaela Vallés Barroso,bcaballero@example.net,+34 982607104
766,Teresita Almudena Leon Atienza,xllanos@example.com,+34925950250
767,Vinicio del Bernal,handrade@example.org,+34877026588
768,Juanita Franco-Vigil,manuel11@example.org,+34 824 316 840
769,Andrés Felipe Anglada-Pereira,jsegarra@example.org,+34 984 02 39 40
770,Anna Diez Perez,cazorlaariel@example.org,+34888684710
771,Ximena Crespo Clavero,herminia24@example.com,+34 980 443 799
772,Alexandra Marquez-Orozco,ligia96@example.org,+34881 75 91 28
773,Gema Tello Uría,leonelhernandez@example.com,+34 928 688 283
774,Alonso Cárdenas Mulet,vidaljuan-manuel@example.net,+34 923 49 14 64
775,Bárbara Boix Roig,jmanuel@example.com,+34900 620 250
776,Mariana Mar Vizcaíno Mendez,crespofabricio@example.com,+34 731 37 81 47
777,Maribel Balaguer Acosta,soteloaurelio@example.net,+34 875 15 51 85
778,Amaya Quirós Álvaro,nadalmaria-angeles@example.com,+34 733 61 30 48
779,Demetrio de Bermudez,wvara@example.org,+34948 548 463
780,Juan Bautista Velasco,vanesa19@example.com,+34 878457501
781,José Luis Amador-Donoso,herminiofrutos@example.org,+34 975 765 272
782,Manuelita Calderón,solispurificacion@example.net,+34 901 988 145
783,Augusto Madrigal Sáez,hcalderon@example.org,+34749402015
784,Juana Lasa-Recio,vito19@example.org,+34927 86 41 36
785,Eduardo Pi Milla,maria-teresa76@example.com,+34 841177236
786,Paulina Gomila,ulises12@example.org,+34847219309
787,Isa Simó Poza,aleromeu@example.org,+34927 613 487
788,Augusto Gómez Sáenz,alma69@example.net,+34807 72 53 32
789,Dafne Trujillo,rebecavazquez@example.org,+34 980 200 131
790,Paulino Quiroga Gabaldón,wilfredo61@example.org,+34 711 37 71 93
791,Remedios de Carretero,drobles@example.com,+34704 095 284
792,Fidel Ramírez Téllez,cirinoroma@example.com,+34883 219 755
793,Rómulo Carro Zamora,hidalgovirgilio@example.com,+34825 555 534
794,Pedro Cornejo Codina,floreseliana@example.org,+34 879458039
795,Cristian Cuenca-Ramírez,marina40@example.com,+34 843 98 90 28
796,Dionisio Alberola Orozco,zaida45@example.org,+34879551172
797,Rubén de Mulet,rmercader@example.org,+34 973735867
798,Roque Mate,geraldobou@example.com,+34828 78 39 83
799,Lilia del Lucas,joverjose-antonio@example.com,+34 871189436
800,Marcela Cañizares Barreda,hbermejo@example.com,+34885 85 87 63
801,Isaac Llorente Ferreras,aznarcandelario@example.net,+34 921 08 37 85
802,Bautista Pol Montenegro,bonifacio93@example.org,+34884 52 08 48
803,Maura Casas,flopez@example.org,+34877 700 631
804,Brígida Aroca Artigas,florencio26@example.net,+34 807 37 51 88
805,Salomé Morán Nebot,wgaliano@example.net,+34985627781
806,Fidela Viana Figueras,lucho83@example.net,+34975 479 195
807,Augusto Lamas Soler,tcarlos@example.com,+34987667810
808,Fortunato Muñoz Cortina,ocuesta@example.net,+34971197566
809,María Ángeles Río Vigil,mariclara@example.com,+34846733528
810,Natividad Montero Márquez,victorianoquiroga@example.com,+34942770955
811,Samu Bernad,mirta43@example.com,+34 966 066 298
812,Calisto Parejo Colomer,ribajose-manuel@example.net,+34 945 848 870
813,Álvaro Saez Trujillo,castellotadeo@example.org,+34 826 35 45 87
814,Marco Ballester-Rocamora,danagudo@example.net,+34 847 729 017
815,Javier Varela,juradocirino@example.com,+34 827 42 25 19
816,Jonatan Marqués Nicolau,catalasoledad@example.com,+34918 50 40 33
817,Xiomara de Montenegro,aaragones@example.com,+34 886953507
818,Ani Sánchez Carreras,ovidioguzman@example.net,+34821 434 939
819,Clotilde de Mayo,manudomingo@example.com,+34675 100 495
820,Amador Vara Alberdi,anita38@example.org,+34 978 811 027
821,Tere Montaña Rubio,krocamora@example.net,+34 880963108
822,Amaro Marqués-Huguet,cuevasluna@example.net,+34979 08 25 90
823,Luis Izquierdo Gallo,giraltanastasio@example.net,+34 945480045
824,Domingo Alsina,adela71@example.org,+34975 938 470
825,Martirio Piñeiro Valentín,juan-josetormo@example.com,+34822537708
826,Octavia Bayona-Marí,gustavo22@example.net,+34877685163
827,Ricarda Manuel Planas,maria-pilarmena@example.net,+34983287730
828,Micaela Checa Sánchez,isaacroma@example.net,+34 945 55 38 28
829,María Reguera,gallartrosario@example.com,+34881993940
830,Joan Verdugo Rincón,grascandelas@example.net,+34 923 77 94 69
831,Javier Rosa,vergarasancho@example.org,+34 730 244 201
832,Raimundo Sebastián Sarabia,sarita50@example.net,+34945968592
833,Trini de Quero,royojacinto@example.org,+34 821 415 740
834,Prudencio Barberá Gallo,ferreraplacido@example.com,+34 822 31 35 56
835,Fabricio Vega Pera,pereiratono@example.org,+34749 411 909
836,Rosendo Tolosa Uribe,sandalio08@example.net,+34973 22 88 94
837,Obdulia Cabanillas-Lorenzo,lmarques@example.org,+34 926239636
838,Nacio Melero-Catalán,wbustamante@example.org,+34949 77 44 54
839,Graciano Uribe-Pombo,angel81@example.org,+34988975754
840,Timoteo Sanchez Pintor,jaime86@example.com,+34 887244948
841,Leocadio Borja Larrea,grascandela@example.org,+34 946563771
842,Alexandra Olivares Lillo,llabresaitor@example.com,+34 887059189
843,Maximiano Venceslás Castejón Gaya,mirandaemelina@example.net,+34820 46 70 22
844,Raquel Posada Torrents,santiagoconde@example.org,+34853 763 929
845,Saturnina Carnero Montes,asdrubal73@example.net,+34822249208
846,Bautista del Conesa,qmari@example.com,+34877 03 33 92
847,Hortensia Mesa,lucio81@example.net,+34800600527
848,Tito Luciano Solé Sales,mvalle@example.org,+34900 57 29 86
849,Brunilda de Batlle,ncamps@example.org,+34 872 96 22 10
850,Delfina Pelayo Bas,mariamoles@example.org,+34987685634
851,Calixto Novoa,ballesterruth@example.org,+34988663200
852,Gabriel Contreras Delgado,juan-bautistaizaguirre@example.com,+34 873 00 41 52
853,Natalia Calleja Bertrán,luciopeinado@example.org,+34823571063
854,Ana Sofía Lozano Quintero,graciafrancisco@example.com,+34 827 213 815
855,Jose Ramón Iniesta Quevedo,hvidal@example.com,+34 806994452
856,Violeta Garcia Garzón,qhigueras@example.org,+34988295707
857,Rosalina Hoz Zamora,wllorens@example.org,+34984 927 325
858,Ruth Canals Pintor,javiera33@example.net,+34 848820354
859,Abigaíl Zurita Riera,sotelojesus@example.com,+34875 32 83 56
860,Adela de Ocaña,marina72@example.com,+34849 15 90 14
861,Nicolasa Campo Nadal,srosello@example.org,+34 986 16 55 92
862,Chus Morcillo Portillo,susanita06@example.org,+34923 342 665
863,Leocadio Olivé,csanmiguel@example.com,+34 882 195 468
864,Haroldo Sánchez-Sierra,realirene@example.net,+34988 825 098
865,Anastasio Oliva Dalmau,maximilianobaena@example.com,+34 951 207 832
866,Emma Crespo-Mercader,vanesazamora@example.org,+34 985 666 115
867,Lorenzo Blanco Valbuena,fsedano@example.org,+34 866949100
868,Camila Tejedor,sanziris@example.com,+34 821 582 860
869,Carmina Tamayo-Fernández,ligiapol@example.com,+34873170797
870,Lorena Perera,jordana03@example.com,+34 976261271
871,Joaquín Osvaldo Izquierdo Agustí,albinoarregui@example.net,+34 807996999
872,Vilma Roldan,cloe42@example.org,+34 843297454
873,Joel Vilar Amores,joelarino@example.net,+34928612791
874,Trini Huertas Tejada,carbonellmartirio@example.net,+34877580758
875,Fortunato Larrea Puente,leyrerodenas@example.com,+34 850084598
876,Francisco Jose de Sacristán,marcianomelendez@example.net,+34 902 981 757
877,José Manuel de Peiró,orozcomanola@example.net,+34878171297
878,Flor Andrés Roman,teofilovalentin@example.org,+34 945 123 156
879,Feliciana Gonzalo Quevedo,beatrizpons@example.org,+34945 00 98 25
880,Martin Miguel Ángel Pi Arias,arinoquique@example.org,+34 824036880
881,Charo Adadia Rios,vilarjenaro@example.com,+34943 319 000
882,Baudelio Tenorio Calderon,karaujo@example.net,+34985925324
883,Clotilde de Blazquez,ana-beleniborra@example.com,+34875 706 012
884,Blas Jiménez Daza,jaumeoscar@example.org,+34922 95 86 21
885,Ángela Guillen Arévalo,claudia79@example.org,+34848060183
886,Clemente Anglada-Alberto,vcoloma@example.net,+34944 876 304
887,Matías Ferrero Carballo,zaroca@example.com,+34867 31 72 73
888,Emigdio Américo Torres Jerez,maria-carmen78@example.org,+34857134381
889,Borja Feliu Hurtado,chicojuan-manuel@example.org,+34727315128
890,Perla Garay Sáez,ramonsanmartin@example.org,+34 872 657 319
891,Rafa Fajardo Seguí,parnaiz@example.com,+34827212310
892,Joan Huguet Atienza,mario46@example.org,+34880 55 55 74
893,Espiridión Morata-Galiano,ojauregui@example.com,+34 828 268 793
894,Ileana Villar Cabañas,haydeecortes@example.org,+34 872 121 922
895,Josep Jordá Peral,diezhernando@example.net,+34827903047
896,Candela Sandoval Casanova,luzcarrasco@example.com,+34 983 231 364
897,Humberto del Sala,pageseusebio@example.org,+34 984 761 969
898,Jose Durán,icastellanos@example.org,+34934 99 39 75
899,Jeremías Rovira,andressoto@example.net,+34966 95 03 96
900,Segismundo Peñas Pedro,benaventemelisa@example.org,+34955 43 79 25
901,Azahar Malo Blanco,correateodoro@example.net,+34927 440 587
902,Maite Barral,amarcos@example.net,+34 886 549 285
903,Modesta Cal Zabaleta,florenciojuan@example.net,+34 737 93 09 44
904,Juan Francisco Alberola,hfonseca@example.com,+34 841 06 20 64
905,Alonso Nuñez Llamas,pelayovicente@example.org,+34979 796 397
906,Roberto de Infante,carlosisabel@example.com,+34 826 984 625
907,Flor Prats Alfaro,expositolisandro@example.net,+34 978493356
908,Adelina del Navas,vasco86@example.org,+34 974594668
909,Eloy Serna Montes,moranteleonardo@example.com,+34 826 75 59 49
910,Magdalena Montoya Carballo,mayteginer@example.org,+34 988912392
911,Vera Chico Alarcón,dulcearenas@example.net,+34 823894810
912,José Mari Izaguirre Figueras,mzabala@example.com,+34 927 465 682
913,Conrado Salcedo,jafetamores@example.net,+34 920401561
914,Gervasio Alsina Peñalver,genovevasevillano@example.net,+34 885662099
915,Ligia Ibañez,mpinol@example.net,+34841539831
916,Encarna Cordero-Maestre,guitartrosaura@example.org,+34944 165 022
917,Paz Huertas Rivas,lilia79@example.net,+34887 135 660
918,Ágata Nayara Echeverría Rincón,prios@example.net,+34876083448
919,Yolanda de Peñas,candelabanos@example.net,+34984 84 04 46
920,Rubén Portillo Vallés,judithcordero@example.org,+34 927 280 833
921,Anastasia Montenegro Toro,cabanillaslupita@example.org,+34 986 553 022
922,Lalo Vélez Ariza,cbonilla@example.org,+34978 77 83 73
923,Leonor Iniesta Parejo,sampermaximiano@example.com,+34976503522
924,Elba de Alberola,perlitabauza@example.org,+34 849316669
925,Néstor Vicens Requena,casalluis-miguel@example.org,+34 712 287 008
926,Dafne Rodrigo-Artigas,simoyesica@example.com,+34917 37 59 98
927,Luis Miguel Chamorro Alcázar,berta53@example.net,+34 826 20 41 52
928,Charo de Calzada,iquiros@example.org,+34924 76 70 13
929,Consuela Pinedo Pozuelo,miguela45@example.net,+34 900 27 68 87
930,Maximiano Palomo Herranz,gertrudishigueras@example.net,+34963 16 37 12
931,Julieta Serrano Cuenca,gustavo73@example.net,+34 841 84 27 44
932,Raimundo Quirós Verdejo,alex76@example.net,+34 847 002 276
933,Marciano Clímaco Piquer Carnero,everdugo@example.com,+34806 28 77 18
934,Guiomar Alberdi Cerro,xrossello@example.net,+34845 184 151
935,Carmelita Pedro-Peralta,oliveratoribio@example.net,+34 926 17 42 62
936,Lucho Lamas Niño,augustosalmeron@example.org,+34709689836
937,Amor Fermín Castellanos Rubio,teodorominguez@example.com,+34911 94 91 88
938,Anna Rius Salvà,feliupaco@example.net,+34842 036 260
939,Armida Casandra Torrents Manzano,asdrubal25@example.net,+34822198663
940,Cristian Cristian Giralt Barceló,ejaen@example.net,+34877556210
941,Leandra Ureña Priego,fiolpancho@example.com,+34 985 342 251
942,Aitor Almeida Castrillo,agonzalez@example.com,+34 974784643
943,Fernanda Cueto Sureda,gguijarro@example.com,+34 975 488 550
944,Silvio Juan Villar,angladaale@example.org,+34 982954785
945,Vilma Alegria,ciriacoroca@example.org,+34983 13 80 70
946,Socorro Font Torrents,marianelaquiros@example.net,+34 872946115
947,Marcio del Villalba,urenamercedes@example.com,+34 874 81 24 81
948,Mamen Suarez,kfortuny@example.com,+34975 98 23 80
949,Carolina Ani Pou Lucas,yporras@example.org,+34826 63 48 04
950,Salomé Morante Sanabria,lorozco@example.net,+34 806 035 880
951,Manola Lara Moya Pascual,tescobar@example.net,+34944 970 881
952,Patricio Fabricio Vendrell Bárcena,tpaz@example.org,+34 944 35 64 81
953,Erasmo Bernat Pozuelo,kpons@example.org,+34 725368568
954,Telmo Bernardino Acuña Bárcena,cayetana33@example.net,+34 887 17 94 68
955,Amalia Candelas Tolosa Alegria,espanoldiego@example.com,+34 949 69 45 11
956,Fortunata Castejón Ros,kelias@example.com,+34 900464403
957,Cirino Arnau Conesa,manzanoamor@example.net,+34 973 047 155
958,Martín Moll Sedano,freguera@example.org,+34 984 32 78 90
959,Hernando Rufino Osuna Alegre,ferranjuliana@example.org,+34984 486 760
960,Mateo Carpio Larrañaga,asola@example.net,+34901 645 891
961,Aureliano Soria Antón,amado24@example.com,+34 925480966
962,Valentina Torrents Prada,feliumamen@example.org,+34974 663 449
963,Mirta Alegre Nogués,felipa76@example.org,+34 881 173 022
964,Trinidad Naranjo Collado,alvarezadrian@example.net,+34 828 718 578
965,Remedios Tania Cózar Miranda,cazorlaemilio@example.com,+34 976351645
966,Mario del Cabrera,panfilo05@example.com,+34740 16 51 38
967,Jeremías Lloret,maricela36@example.com,+34943 177 694
968,Emelina Miró-Losa,kmoliner@example.com,+34 901709168
969,Darío Marcial Villegas Ojeda,solerajose-luis@example.com,+34 701 697 231
970,René Marí,lgallardo@example.org,+34946 180 998
971,Eligia Gimeno,esmeralda22@example.org,+34 841 584 418
972,Aurelia de Torres,pedroalamo@example.org,+34 842895537
973,Roxana Castejón Estevez,amandasoler@example.org,+34948 817 869
974,Gilberto del Giménez,esanz@example.net,+34 923 772 963
975,Sebastián Amorós Tena,juliarivero@example.org,+34 824110692
976,Teófila Plaza Bayona,maria71@example.com,+34973593212
977,Nacio Gras Puga,concha41@example.com,+34880385809
978,Isaac Bou,matildepedrosa@example.net,+34825703568
979,María Jesús Losa,zacevedo@example.net,+34 920 719 372
980,Mercedes Ferrando,buendiamaria-teresa@example.com,+34 882 91 29 03
981,José Navarrete Cobos,ffalcon@example.org,+34971 40 75 60
982,Nydia Gonzalez Vidal,artemiopedrosa@example.com,+34 943 784 146
983,Florinda Izquierdo Marín,lucholopez@example.com,+34942 75 65 71
984,Hilario Severiano Galindo Viña,rosalinda02@example.com,+34 945 05 34 66
985,Cruz Murillo Alcolea,pintoaitor@example.net,+34 888067901
986,Lara Solsona Planas,ciriacooller@example.net,+34 863 50 34 27
987,Mireia Clavero Agustín,ramonapacheco@example.net,+34 878 455 420
988,Poncio Cano Barranco,olallaesteve@example.com,+34949779400
989,Nicodemo Albero Pombo,bertocalvo@example.com,+34 985 902 890
990,Adoración Mata Gonzalo,kmelero@example.net,+34 822 55 22 17
991,Amor Tejada Jara,narcisosureda@example.com,+34849 058 311
992,Olegario Batlle Samper,lnavarrete@example.org,+34 979 10 36 25
993,Asdrubal Pla,remigiobalaguer@example.com,+34846 746 948
994,Cristian Gámez Tenorio,wprieto@example.net,+34881938384
995,Leopoldo Moles Sanz,tboada@example.net,+34 842 167 815
996,Mayte del Carlos,tagustin@example.org,+34923407167
997,Perla Cabeza Girón,nievesgelabert@example.net,+34986 94 12 35
998,Aarón del Mateu,rodenasseve@example.com,+34 974880074
999,Ruth Huerta Cabrera,florbarroso@example.net,+34 885004159
1000,Anselma Ordóñez Guillen,vlluch@example.com,+34 842 123 655
