id,nombre,direccion,telefono,email,fecha
1,Álvaro Plana-Redondo,Ronda Daro Becerra,+34974 69 18 21,marita23@example.org,2024-10-27
2,Salomón Gascón,Calle de Bartolom Oliver,+34943 329 446,jessica54@example.net,2024-11-19
3,Rubén Diego Uría Téllez,Camino de Fulgencio Pla,+34941 94 15 42,eoller@example.net,2024-08-21
4,Loreto Jara,Ronda de Abril Caas,+34 988 982 265,monicachaves@example.com,2025-03-30
5,Nicolás Torres Alvarado,Acceso de Silvestre guila,+34871 06 22 79,pastorzaragoza@example.net,2024-09-06
6,Emilia Marín Montaña,Rambla Aurora Gascn,+34880 50 32 12,urbanocampos@example.com,2025-03-03
7,Juan José Villa Pla,Paseo Emigdio Bernat,+34 880 820 136,brunotamarit@example.net,2024-10-19
8,Emilio Sastre Sainz,Pasaje de Abril Oliv,+34727 495 127,genovevapenas@example.net,2025-02-18
9,Macaria Angulo Hernández,Plaza de Gregorio Lumbreras,+34 841 52 36 78,waltermur@example.net,2024-11-24
10,Basilio Lobo Guitart,Glorieta Felicidad Tamayo,+34 880007872,oscarjordan@example.com,2024-06-30
11,Lucio Céspedes Saldaña,Plaza de Sebastian Valenciano,+34 871 451 616,sosimocardenas@example.org,2024-06-02
12,Azahar Aragón Cepeda,Via de Cristian Manjn,+34 849945150,lpineiro@example.net,2024-08-21
13,Javiera Correa Acedo,Paseo Julie Somoza,+34925 976 785,aristidescastillo@example.org,2024-07-27
14,Perla del Botella,Callejn de Sigfrido Acosta,+34 987 597 218,barrieta@example.org,2025-01-14
15,Soledad Cerdá Duran,Pasadizo de Jordana Pelez,+34 849 19 25 00,adelafortuny@example.org,2025-01-06
16,Nuria Medina,Via de Mara Pilar Teruel,+34 978 651 859,lisandro04@example.org,2024-07-11
17,Amancio Dalmau Moll,Vial de Bibiana Gras,+34 973 501 252,lara08@example.org,2024-12-18
18,Erasmo Hoyos,Plaza de Mara Cristina Casado,+34924801358,xduenas@example.org,2024-06-11
19,Cristina de Roda,Cuesta de Hilda Lumbreras,+34902513510,jfolch@example.com,2024-11-25
20,Primitivo Alejo Sabater Guerra,Callejn de Emilio Salamanca,+34 821 065 657,adanmorena@example.com,2024-07-22
21,Plinio Sanjuan Blazquez,Via Benita Rosales,+34 848 372 093,ascensiongalan@example.org,2024-06-07
22,Azucena Bosch Nebot,Callejn Mara ngeles Coll,+34 983514625,febearanda@example.com,2024-09-10
23,Xavier Otero,Vial Mara Fernanda Baos,+34 843 821 034,rosalinda06@example.org,2025-02-26
24,Lisandro Nieto,Callejn Primitivo Gallego,+34 971 756 151,santanacipriano@example.org,2024-11-13
25,Reyes Vargas Revilla,C de Jos Antonio Mar,+34844 802 286,angelicaacero@example.com,2025-04-16
26,Juanito Bermudez Otero,Cuesta Genoveva Huguet,+34979 39 75 45,clementemacias@example.org,2024-08-29
27,Marciano Palomares García,Pasaje de Adriana Fabregat,+34974109695,carrionluis@example.net,2025-03-01
28,Sofía Requena Sanmartín,Callejn de Carmelita Valenzuela,+34 945 723 122,jluis@example.com,2024-09-01
29,Sabina María José Sureda Yuste,Cuesta Telmo Azcona,+34 874476966,lope95@example.net,2024-09-10
30,Renata Goñi-Ledesma,Pasadizo Ruth Revilla,+34 880 200 522,isauratomas@example.com,2024-09-03
31,Caridad Coll Acuña,Calle de Gabino Fabra,+34847 060 838,miguel-angelheras@example.net,2024-06-23
32,Bautista del Gabaldón,Ronda de Virginia Santiago,+34 887 12 12 35,julio-cesarcamino@example.com,2024-05-26
33,Victoriano Chico Bueno,Plaza scar Martorell,+34 980 841 642,rospaola@example.org,2024-07-07
34,Fidel Pastor Priego,Ronda de Xavier Tolosa,+34821 679 737,mazafrancisca@example.net,2025-02-03
35,Celia Salvà Mayol,Callejn Poncio Vall,+34 932 519 339,cuellarrosalina@example.org,2025-03-01
36,Sigfrido Cervantes,Pasadizo Filomena Calleja,+34827 677 622,roxana16@example.net,2025-02-12
37,Javiera Gaya-Meléndez,Via de Marco Riba,+34822 24 87 16,quintanaemma@example.com,2024-09-02
38,Marita Planas,C Vctor Arjona,+34 845666902,pazmartorell@example.com,2024-05-02
39,Bautista Bayón-Pons,Vial de Isidora Losa,+34 876 971 272,pia61@example.com,2024-05-16
40,Marisela Gomila Gelabert,Plaza de Graciana Iglesia,+34 885 02 65 79,pinosantiago@example.org,2024-08-11
41,Jacinto Bernardo Mosquera Acosta,Pasadizo Julin Peralta,+34 824006260,pavonsalome@example.org,2025-02-25
42,Miguel Ángel Cañellas Aparicio,C de mbar Fuster,+34 885 27 33 76,marquezanselmo@example.net,2025-03-30
43,Faustino Chamorro Canales,Pasadizo Bibiana Cordero,+34842 51 09 81,fgrau@example.org,2024-08-19
44,Eligio de Vicente,Paseo Asdrubal Milln,+34886 191 517,jeronimotorrens@example.net,2025-04-13
45,Inocencio Diego Romeu,Urbanizacin de Benita Batalla,+34813 974 190,macaria94@example.com,2024-10-04
46,Hugo Saura Abellán,Caada Pili Heredia,+34 925 215 398,alemanrafaela@example.net,2024-10-21
47,Nicolás Urrutia Acuña,Via de Diego Rincn,+34974002851,marino15@example.net,2025-01-13
48,Rómulo de Bolaños,Plaza Toribio Moll,+34975 56 20 94,toribio60@example.org,2024-12-28
49,Emiliana Hoyos Blazquez,Glorieta Saturnina Pelez,+34 947 02 07 82,solanaemiliana@example.net,2024-07-21
50,Fito Briones Solana,Pasadizo de Clara Arnau,+34 871123701,fguardiola@example.com,2024-12-09
51,Ruy Arcos Valls,Avenida de Reina Aguilar,+34 807 433 152,ferrandezcarmina@example.net,2024-10-09
52,Mauricio Ferrándiz,Urbanizacin Roque Carpio,+34 901269581,juan-luis89@example.org,2025-02-23
53,Beatriz Ágata Ropero Gabaldón,Paseo de Laura Menendez,+34 881 31 55 32,gertrudis52@example.com,2025-03-05
54,Margarita Ignacia Esteban Batalla,Alameda de Xiomara Rodriguez,+34978 78 15 23,gutierrezsocorro@example.net,2024-08-25
55,Ciríaco Nacio Aragonés Sacristán,Vial Lupe Correa,+34718 155 822,ybusquets@example.net,2024-07-05
56,Pepita Escrivá Montoya,Pasadizo Alma Porras,+34 987605866,toroencarna@example.com,2024-09-18
57,Federico Salamanca Mosquera,Via de Sandra Bilbao,+34883420805,armasarmida@example.com,2025-04-09
58,Martin María Gual Velázquez,Callejn de Leticia Puig,+34822 71 22 82,emperatriz95@example.com,2025-02-22
59,Juan Antonio Beltran Pedrero,Callejn de Beln Sanz,+34 849 33 58 61,tatianasanchez@example.com,2025-03-08
60,Tatiana Castillo-Núñez,Pasaje de Epifanio Jordn,+34 977 84 13 58,chucho66@example.org,2025-02-09
61,Irene Galindo Amores,Alameda Valero Ferrero,+34914 58 70 66,pratviviana@example.org,2025-03-05
62,Blas de Pi,Ronda Jordn Vila,+34921 868 234,sarita37@example.org,2025-01-13
63,Purificación Hernández Belda,Ronda Rafael Escribano,+34 948902800,ribajuan-antonio@example.net,2025-03-28
64,Adelia Borrell Jurado,Pasaje Yssica Calzada,+34984154158,luisaescamilla@example.com,2025-02-25
65,Quirino Rivas Soto,Urbanizacin Noelia Bada,+34 982747843,valbuenaraquel@example.net,2024-07-02
66,Juan Francisco Campo-Tena,Avenida de Manuela Duarte,+34 978446197,yalfaro@example.org,2024-10-31
67,Arturo Rivero,Acceso de Ren Isern,+34 822 721 424,amoresprimitivo@example.net,2024-09-13
68,Evita del Herrero,Cuesta de Jordana Palomino,+34 835054839,reinarosalinda@example.org,2024-11-13
69,Marta Caballero Marín,Caada de Crescencia Parejo,+34 921 78 24 86,alonsojose-antonio@example.com,2024-12-26
70,Leandra Velasco Díaz,Rambla de Severino Villalonga,+34849 198 593,isantamaria@example.org,2025-04-25
71,Ester Bernarda Mendizábal Bermudez,Paseo de Silvestre Pizarro,+34823 111 253,herminio28@example.com,2025-01-11
72,Leonor Leal Torralba,Ronda Gernimo ngel,+34 874 036 856,moraledajafet@example.com,2024-06-10
73,Segismundo Quintanilla Buendía,Vial Tere Miralles,+34 869315053,paulinodiaz@example.org,2024-12-28
74,Soledad Sanmiguel Piñeiro,Caada de Azahar Salv,+34 980 07 64 62,xanguita@example.net,2024-10-17
75,Marcio Franch Batalla,Callejn de Jose Antonio Bernal,+34983181257,onovoa@example.org,2024-09-21
76,Sol Posada,C Adriana Cid,+34901643984,fconde@example.net,2024-06-28
77,Tamara Román Palma,Acceso Lourdes Jerez,+34877391601,saturninacatala@example.com,2025-01-31
78,Ángel Ríos-Carretero,Rambla Manu Carrillo,+34 715263303,valerahugo@example.com,2024-06-12
79,Aníbal Corral Hernández,Alameda de Heliodoro Daz,+34979277047,franchpaula@example.net,2025-03-06
80,Sandalio de Cardona,Callejn de Domingo Colom,+34 949 72 06 52,equevedo@example.net,2025-01-13
81,Palmira Caparrós Alberola,Calle Felipa Vilaplana,+34 930 420 059,amada94@example.com,2024-12-27
82,Belén Simó Soria,Plaza Mara ngeles Torrens,+34 825417422,hrevilla@example.net,2024-09-11
83,Ernesto del Romero,Glorieta de Isaac Requena,+34983 55 14 43,alberdinydia@example.com,2024-12-07
84,Luciano Merino Tirado,Glorieta Salud Armas,+34 977 11 14 54,bernabe44@example.net,2024-05-22
85,Cristian Puga Giménez,Avenida Pablo Prada,+34823 316 544,dora47@example.org,2024-08-27
86,Marisol Marquez Vilanova,Plaza de Atilio Carrin,+34948 629 116,iserra@example.org,2025-01-23
87,Eligio Osorio Llorens,Pasaje Chus Bosch,+34902717623,ssegarra@example.org,2025-03-16
88,Desiderio Osorio Río,Pasadizo Baltasar Tejero,+34 703286891,gcruz@example.org,2025-01-12
89,Heliodoro Almagro Lorenzo,Urbanizacin de Cosme Sarmiento,+34874672212,josefabregat@example.org,2025-03-25
90,Marino Murillo Olivares,Vial de Leonardo Ripoll,+34954433631,iniestaemelina@example.net,2024-05-27
91,Jose Manuel Valdés Bastida,Camino de Wilfredo Conde,+34 846 706 436,salvadoremiliano@example.com,2024-09-03
92,Quirino Sola Marín,Caada de Narcisa Vilalta,+34 971885128,osalamanca@example.org,2024-06-04
93,Jacinta Tur Leiva,Pasaje Eusebio Amat,+34 844 50 47 26,lopezgil@example.com,2024-10-14
94,Anselmo Busquets Menéndez,Avenida de Sosimo Llorente,+34 846161338,castroevita@example.com,2025-02-04
95,Inés Crespi-Solano,Cuesta Gastn Cordero,+34 926 71 91 22,galvezdimas@example.org,2024-06-07
96,María Dolores Peña Castellanos,Camino Gil Prada,+34 875 222 713,lestevez@example.com,2024-10-12
97,Casemiro Dávila Báez,Glorieta Coral Godoy,+34902 44 98 73,macariaduran@example.com,2024-09-09
98,Esteban Gracia Rey,Paseo de Fernando Casado,+34986503845,mansodani@example.com,2025-01-26
99,Fermín Alegre Escribano,Via Marcelino Saldaa,+34826633149,almagroignacia@example.net,2024-11-15
100,Cristina Riba Vilanova,Via Cleto Reyes,+34 916019503,josueespanol@example.net,2025-04-06
101,María Cristina Octavia Escobar Baró,C Calisto Gargallo,+34 803 438 073,diazolalla@example.org,2025-02-26
102,Raquel Peinado Zapata,Avenida Jose Miguel Espejo,+34928 36 55 10,alonsoluna@example.com,2024-09-23
103,Ariel de Gonzalo,Caada de Ildefonso Rocamora,+34 846044370,jcolom@example.org,2024-08-08
104,Ximena Herrera Rico,Glorieta de Gervasio Pozuelo,+34 971733900,cvallejo@example.com,2025-02-12
105,Omar Meléndez,Glorieta de Concha Somoza,+34 845 701 680,cfalcon@example.com,2025-03-03
106,Juan Manuel Mena Bermudez,Paseo de Severiano Rosell,+34 920872966,claudiariera@example.net,2024-09-25
107,Adrián Salazar Sanjuan,Alameda Dominga Merino,+34 887 62 80 19,tania39@example.com,2025-01-07
108,Onofre Cánovas-Bayona,Cuesta de Anastasia Rueda,+34 881 922 747,xpinto@example.org,2024-06-07
109,David Urrutia Rodriguez,Ronda de Flavio Otero,+34 948793516,melania08@example.net,2025-02-19
110,Cándida del Cáceres,Plaza de Roxana Juan,+34818 59 91 26,efrain30@example.net,2024-09-14
111,Camilo Alarcón Cid,Paseo de Jos Fuente,+34972 89 24 27,ltorres@example.net,2025-04-27
112,Juan Bautista del Manzano,Pasaje Sol Bermudez,+34 845 98 12 04,spages@example.org,2024-05-02
113,Azahar Alba Posada Baeza,Avenida de Rico Gallardo,+34 941716407,vmariscal@example.org,2025-02-21
114,Isabel del Peláez,Calle de Florentino Ramos,+34 871377970,arnaufito@example.com,2025-02-10
115,Inmaculada Jaén Ferrando,Cuesta Cleto Mart,+34 977168986,dbusquets@example.net,2024-10-21
116,Roberta Duarte Belmonte,Glorieta Pelayo Torralba,+34968969516,diazagustin@example.net,2024-06-03
117,Miguela Torre Navas,Vial de Alberto Llopis,+34 826 99 48 81,viniciopombo@example.net,2024-07-22
118,Rosalva Ferreras Coca,Ronda Feliciana Iborra,+34877 884 543,bpuga@example.com,2025-03-11
119,Imelda Haro Puga,Urbanizacin Pastor Bertrn,+34 975 68 10 75,blanca04@example.net,2025-04-14
120,Cayetana Martín Dueñas,C Flor Jimnez,+34888610636,ximena02@example.org,2024-06-25
121,Lisandro Rocha Zorrilla,C de Che Baquero,+34 875 606 251,npinto@example.net,2024-08-04
122,Godofredo Saez Cañellas,Caada Carlota Nevado,+34 987274529,saturninadelgado@example.org,2025-03-28
123,Abraham Moisés Carbó Cisneros,Camino Desiderio Salazar,+34 825 08 86 70,condeaugusto@example.org,2025-03-15
124,Nico de Jaén,C Macarena Jerez,+34 885 549 822,erueda@example.com,2024-05-16
125,Chus del Arnaiz,Alameda de Amancio Cantero,+34 974 912 144,ruedabenita@example.org,2025-03-21
126,Anastasia Bejarano Ballester,Urbanizacin Susanita Arnal,+34888 240 667,elianagranados@example.org,2024-10-08
127,Kike Larrañaga-Perera,C Dora Mayol,+34 902869016,palmira01@example.org,2024-10-05
128,Edmundo Severino Riquelme Miguel,Pasaje Cristina Campo,+34822 60 09 65,aitana86@example.com,2025-02-08
129,Leticia Benavente Baños,Vial Virginia Alba,+34979 377 979,rtalavera@example.net,2024-08-14
130,Cecilio Escobar Domínguez,Avenida Alberto Caas,+34960571071,hectorrosell@example.org,2025-03-05
131,Calixta Pla Rovira,Alameda de Maximino Carbonell,+34 730 45 11 83,barcocatalina@example.org,2024-08-10
132,Jose Miguel Cabeza Tamayo,Cuesta de Bonifacio Sobrino,+34 974317455,marcelaguzman@example.org,2024-12-20
133,Severo Gabriel Espada Linares,Urbanizacin de Clementina Aguirre,+34948 98 68 28,ahuguet@example.com,2025-01-19
134,Julio César Agustín Adán,Via de Anselma Rocha,+34 988 587 540,tnieto@example.net,2024-08-28
135,Carmelita Pineda Alvarez,Plaza de Trini Aguilera,+34 618353425,agustinabaquero@example.com,2024-10-25
136,Hortensia Valera Saura,Via Candelario Fuentes,+34878125648,jserra@example.org,2024-07-08
137,Edmundo Asenjo,Pasaje Olimpia Maza,+34 885 42 29 39,omontalban@example.com,2024-05-05
138,Abilio Salinas Corominas,Calle de Marc Tapia,+34849 99 27 97,valero14@example.org,2024-10-19
139,Nereida Moya Adadia,Rambla Ana Villena,+34825738563,ynavas@example.net,2025-02-22
140,Tecla Gonzalo,Callejn de Blas Yuste,+34984 756 342,marinabarba@example.com,2024-12-12
141,Abilio Colomer Collado,Acceso de Balduino Mur,+34902 268 279,techeverria@example.com,2024-10-26
142,Pedro Gallo Ferrán,Pasaje Eufemia Ruiz,+34 972 81 67 52,isidora53@example.org,2024-11-21
143,Luis Miguel Iker Marqués Valls,Calle Gabino Riba,+34977382688,nvillaverde@example.com,2025-03-10
144,Elodia Cisneros Marín,Calle de Esther Sanmiguel,+34 806 528 937,aureliovizcaino@example.com,2025-03-04
145,Piedad Ferrero-Diez,Pasadizo Leonel Tormo,+34711 69 46 00,pomarescloe@example.com,2024-07-29
146,Úrsula Lumbreras Almazán,Glorieta Arcelia Anglada,+34883298589,manuel70@example.com,2024-10-22
147,Adelardo Saura-Fabra,Urbanizacin de Emiliana Cabrera,+34 976 75 12 56,sabina79@example.org,2024-09-27
148,Baltasar Crespo Pulido,Via de ngeles Melero,+34948 426 110,balduinoamat@example.net,2024-07-21
149,Carmela Ximena Barbero Alarcón,Ronda Custodio Trillo,+34 928 005 049,ledesmaobdulia@example.net,2024-05-14
150,Armando Ibáñez Requena,Ronda Samuel Alcntara,+34 879 767 893,paolaaroca@example.org,2024-07-10
151,Milagros de Salvà,Camino de Gerardo Silva,+34 845954711,mcalderon@example.com,2025-03-08
152,Brígida Laguna-Gómez,Plaza de Saturnino Blzquez,+34986860890,celestina33@example.net,2025-01-01
153,Pepito Chaves Mateos,Via de Csar Vendrell,+34923452916,bautista75@example.net,2024-07-08
154,Iris Miralles Luna,Via Balduino Bejarano,+34 807 570 061,glauco74@example.com,2025-02-13
155,Judith Coello Román,Plaza de Maxi Peinado,+34 925989446,mariadomingo@example.com,2025-01-05
156,Noelia Armas Ríos,Ronda de Camila Tllez,+34 884 558 289,galindofanny@example.com,2024-12-15
157,Osvaldo Rivas,Camino Casandra Pellicer,+34846 97 39 71,dsans@example.net,2025-02-01
158,Adrián Donato Puga Carmona,Ronda Melchor Aguil,+34976679577,xalcaraz@example.net,2024-09-28
159,Flavio Cifuentes Cobo,Alameda de Zoraida Velasco,+34 925066109,tsalazar@example.org,2024-10-02
160,Maximino Moya-Reina,Vial de Josep Duque,+34972126553,ana-sofia02@example.org,2024-06-24
161,Encarna Mamen Maldonado Collado,C Hctor Robledo,+34 927 12 55 34,sroura@example.com,2024-06-25
162,María Luisa Zabala Cerdán,Callejn de Casandra Tejedor,+34 984 379 208,hluque@example.com,2024-05-16
163,Rogelio Larrea Casanova,Paseo de Vanesa Duque,+34888 521 038,tbatalla@example.org,2024-09-06
164,Desiderio Riera Valera,Glorieta de Salvador Uribe,+34 985333679,panfilocisneros@example.com,2024-10-02
165,Leticia Melero Mir,Pasaje de Odalis Luna,+34667 037 965,cuencasalud@example.org,2025-01-21
166,Anastasia Solera Arnau,Acceso de Alex Parra,+34972 80 26 20,dfont@example.com,2025-01-03
167,Yéssica Gisbert-Guardia,Acceso Eugenio Ordez,+34 941 509 625,solerabaudelio@example.com,2025-03-02
168,Guiomar Alemany Morillo,Ronda Dimas Carbajo,+34 925 95 75 44,leandro23@example.org,2024-09-02
169,Susana Peñas Beltran,Callejn de Ysica Velzquez,+34705160886,yessica32@example.net,2024-08-14
170,Priscila Galván Quevedo,Vial de Duilio Balaguer,+34 979013380,lrosell@example.net,2024-08-09
171,Nadia Godoy,Caada de ngeles Caellas,+34866 359 338,toribio32@example.com,2024-06-15
172,Santos Capdevila Gual,Acceso de Arcelia Jara,+34925 217 284,emilio49@example.net,2024-10-04
173,Mariana Meléndez Ballesteros,Ronda Amador Herrero,+34925 123 612,valeroroxana@example.org,2025-02-22
174,Ignacio Albano Belda Bernal,Acceso de Emilio Reig,+34920381170,vadan@example.net,2024-09-11
175,Jose Mir Río,Vial de Natividad Prado,+34 847 63 49 96,lpacheco@example.org,2024-10-16
176,Leticia Cuéllar Coll,Pasadizo de Calisto Acua,+34 987 01 29 01,falcoangel@example.org,2025-03-20
177,Paca del Aranda,C de Maura Peinado,+34942 40 36 30,kgargallo@example.net,2024-10-22
178,Bibiana Yuste Arenas,Camino de Hernn Luna,+34982 78 25 84,rinconnazaret@example.net,2024-11-07
179,Teresita Arnaiz Nicolás,Calle Calixta Cortes,+34 822 18 24 26,silviotorralba@example.org,2025-02-07
180,Clarisa Barba Revilla,Pasaje de Rico Snchez,+34 928 643 831,jose-antonio52@example.com,2024-08-08
181,Tatiana Sierra Narváez,Calle de Aurora Jan,+34710 86 14 97,rosariovives@example.net,2024-05-02
182,Esther Almazán Bayo,Camino de Telmo Almagro,+34846 22 65 42,eloisabejarano@example.net,2024-08-10
183,Marc Prado Arroyo,Glorieta Miriam Pacheco,+34803 65 30 47,pepitaserna@example.com,2024-08-30
184,Felipe del Cantón,Urbanizacin de Marisa Puig,+34 882216400,solanoanibal@example.org,2024-08-04
185,Toni Gallo Batlle,Callejn Ainoa Jove,+34948 317 340,anastasiogras@example.org,2024-05-29
186,Virgilio Moreno Salcedo,Paseo de Elvira Solano,+34 871 61 79 39,guadalupe23@example.org,2024-09-27
187,Belén España Pons,Paseo Luz Blanco,+34 843733025,machadoamelia@example.com,2024-06-26
188,Agustín Roldán Company,Ronda de Arnzazu Arenas,+34 980086299,leonoratienza@example.net,2024-07-26
189,Jose Ramón Frutos Castañeda,Vial Vicente Quintero,+34842977220,pazcisneros@example.org,2025-02-03
190,Flor Bustos Arranz,Vial de Maribel Mayoral,+34 984454288,knieto@example.org,2024-07-07
191,Virginia Zabaleta Rincón,Cuesta Miguel ngel Fortuny,+34 825 242 479,teresita68@example.org,2025-04-12
192,Calisto de Flor,Avenida de Carmelo Ferrndez,+34983 562 694,rubenvega@example.org,2025-02-27
193,Remigio Salazar Niño,Callejn de Pepito Roldan,+34 703621461,palomasanabria@example.com,2025-03-08
194,Tere Isidora Corominas Pagès,Via de Eugenio Collado,+34 824 105 617,ofelia68@example.org,2024-11-26
195,Nicodemo Tejada-Torrent,Avenida Urbano Carranza,+34 941 97 75 31,amayarosales@example.com,2024-09-12
196,Ismael Ramos Santamaría,Pasadizo Azahara Carreras,+34 849421878,apolonia10@example.com,2025-04-01
197,Paco Cañellas-Manuel,Pasadizo Arnzazu Merino,+34 939541171,chuchoizaguirre@example.com,2024-12-30
198,Emilio Ayuso Vargas,Callejn Rosario Armengol,+34882343816,rcolom@example.net,2024-11-01
199,Sonia Salinas,Pasadizo de Gerardo Heras,+34739670905,bautista40@example.net,2024-11-08
200,Salvador Font Doménech,Vial de Samu Villegas,+34853 14 35 17,leopoldosalazar@example.org,2024-07-27
201,Amparo Lorenzo Mateo,Plaza de Carina Oliva,+34 921 02 74 41,anselma39@example.net,2025-04-14
202,Valero Puente-Sevillano,Vial de Noelia Ledesma,+34857 54 72 32,yessicatoro@example.net,2025-02-19
203,Fernando Nogueira Chaparro,Alameda de Cirino Lobo,+34 986 877 570,irma45@example.org,2024-07-10
204,Yolanda Ribera Puente,Callejn Leire Cornejo,+34843 06 75 39,maria-teresa70@example.net,2024-11-09
205,Juanito Saez-Peiró,Urbanizacin de Jesusa Nogueira,+34827 50 38 23,gmunoz@example.com,2024-10-05
206,Felicidad Solís Jaén,Camino de Clemente Redondo,+34980505822,cmorata@example.org,2024-07-18
207,Gabino Jeremías Valderrama Castilla,Callejn de Felicia Haro,+34 983 80 43 97,pallaresamando@example.com,2025-03-10
208,Feliciano Saez-Quintero,Pasaje de Eligia Calvo,+34875 84 26 62,gbravo@example.com,2025-04-09
209,Eduardo Madrigal Reina,Callejn Ovidio Girn,+34941 042 987,consuelo21@example.com,2024-11-12
210,Candela Zorrilla Raya,Urbanizacin Pa Trillo,+34 828 86 45 51,fernandezinmaculada@example.com,2024-08-18
211,Eloy Leal,Glorieta de Jose Luis Amat,+34 817 87 03 09,bravobibiana@example.net,2025-01-25
212,Noemí Cruz,Callejn Florinda Macas,+34878843942,crespialonso@example.net,2025-02-02
213,Chita Montenegro Marín,Calle de Lalo Amat,+34825 39 27 36,abarranco@example.org,2024-07-01
214,Almudena Leon Real,Camino Pascuala Coca,+34977759712,benita44@example.org,2025-02-28
215,Fermín de Lumbreras,Plaza de urea Pomares,+34883 57 10 48,vmora@example.net,2024-08-03
216,Carmelo de Santamaria,Camino Maximiliano Iriarte,+34 800 00 09 85,antunezelpidio@example.org,2024-11-24
217,Estefanía Galán,Plaza de Angelino Salas,+34 881 285 347,macaria97@example.net,2024-04-30
218,Trini Estevez-Heredia,Acceso Tania Nogueira,+34 824 12 99 20,alemanteodosio@example.com,2024-06-20
219,Gerardo Escamilla-Roldan,Pasaje de Marisa Carrin,+34 949571343,ygalvez@example.net,2025-01-07
220,Fausto Seco-Borrego,Callejn Paca Canals,+34 971566127,rogelio82@example.net,2025-04-04
221,Tatiana del Ferrán,Glorieta de Eloy Pellicer,+34987 46 03 13,omar80@example.com,2025-04-05
222,Sarita Río Jaén,Callejn Mara Carmen Lopez,+34 943 72 10 55,galannelida@example.org,2024-07-31
223,Agustina Bonet Blanca,Cuesta de Ildefonso Araujo,+34972 25 23 83,arturorosales@example.org,2024-07-27
224,Lucía Ariño,Via Domitila Leiva,+34 716 41 18 91,mguzman@example.com,2024-05-12
225,Narcisa del Corominas,Ronda Vinicio Acero,+34980119977,palmerbaudelio@example.org,2024-06-30
226,Valero Esteve,Camino Alexandra Romeu,+34 828 95 76 42,yaliaga@example.net,2024-08-08
227,Reyna Samper,Alameda Felicidad Rivera,+34 855256841,ubarroso@example.net,2024-12-30
228,Vito Galan-Luís,Calle de Flora Arribas,+34 925 13 67 32,escobarelba@example.net,2024-09-19
229,Amado Pepe Milla Cañas,Paseo Isaac Macias,+34 882 58 24 93,vicentemarianela@example.com,2024-06-02
230,Buenaventura Caro Peralta,C de Odalis Casas,+34923 21 40 32,umateu@example.com,2024-12-20
231,Elpidio Nevado Briones,Urbanizacin Beatriz Pinilla,+34 848 772 560,nando31@example.org,2025-02-05
232,Claudia Almeida Montero,Caada de Hermenegildo Marn,+34831701240,vfernandez@example.com,2024-06-11
233,Vito Gonzalez-Rivera,Camino de Montserrat Briones,+34 900447463,jgil@example.com,2025-01-26
234,María Fernanda Cabrero Solsona,Caada Jacobo Barber,+34826014840,rosadoconcepcion@example.org,2024-11-18
235,Rafa del Hurtado,Pasaje de ngeles Ribas,+34 941032452,xnunez@example.com,2025-03-04
236,Martina Barco,C Gaspar Casanova,+34984397009,ericabascal@example.org,2025-02-27
237,Anastasio Rincón Baeza,Ronda de Cirino Paniagua,+34 600 983 140,jmoraleda@example.org,2025-01-19
238,Wilfredo Torrent Soler,Rambla de Rebeca lvaro,+34 877687213,arcopablo@example.net,2024-08-24
239,Chita de Tejera,Caada Tecla Llorens,+34 976260909,aburgos@example.org,2024-09-13
240,Guillermo Quevedo,Alameda Itziar Andrade,+34986 06 80 13,herminio28@example.org,2024-10-21
241,Gabriela Jover,Pasaje Febe Gordillo,+34886 96 65 09,tomasagalvez@example.net,2025-02-24
242,Julián Hernandez Merino,Paseo Lupita Llabrs,+34827613230,martinezsusanita@example.net,2024-11-22
243,Mamen Vera Gutiérrez Pedrosa,Avenida de Violeta Puig,+34 928 31 06 98,ramisanastasio@example.net,2024-05-31
244,Belen Paca Cervantes Romero,Ronda Leyre Manzanares,+34974 523 711,mesacasemiro@example.com,2024-10-20
245,Pascuala Ofelia Ferrándiz Alegre,Ronda Eleuterio Sez,+34 668 95 31 76,pazsaenz@example.org,2024-06-03
246,Paulina Gutierrez Sola,Caada Julio Csar Morera,+34977401237,nogueirajuan-manuel@example.org,2025-04-06
247,Eladio Gallo-Arroyo,Acceso Mara Teresa Pardo,+34947 66 49 84,nataliaacuna@example.org,2025-02-03
248,Javier Cabrero Mata,Urbanizacin Clara Becerra,+34820 43 50 07,mamensuarez@example.com,2025-04-30
249,Luis Miguel Ferrán Cuesta,Camino Lzaro Ferrn,+34 900 719 898,teodora61@example.org,2025-01-07
250,Maxi Simó Bilbao,Cuesta de Cristbal Cal,+34941 719 743,rafaelsala@example.com,2025-03-20
251,Águeda Pellicer Palomares,Plaza de Marcia Zabaleta,+34887 47 40 17,sara63@example.net,2024-07-03
252,Aurelia Zapata,Avenida de Nilo Arregui,+34 983 933 647,charosaavedra@example.com,2024-12-13
253,Eric de Castrillo,Vial de Albano Boada,+34900 08 83 92,paola91@example.org,2024-10-24
254,Miriam Esteban-Santamaria,Paseo Guadalupe Pujadas,+34 822 109 358,cmarquez@example.net,2025-02-02
255,Gerardo Abril Rosselló,Pasaje Zoraida Ibarra,+34 946 304 384,pgras@example.net,2025-02-03
256,Valerio Dávila Gordillo,Alameda de Anabel Teruel,+34878278291,palacioscristina@example.org,2024-05-21
257,Domitila Campo Narváez,Paseo de Montserrat Gascn,+34921 99 14 28,xramirez@example.org,2024-10-21
258,Damián Bustos Benítez,C de Ciro Lobato,+34856268760,cortesmaximiano@example.org,2024-12-29
259,Toño Camps Madrigal,C Aarn Barriga,+34 803 936 375,iropero@example.com,2025-02-22
260,Adelardo Adán Sanmartín Ferrán,Pasadizo Ana Beln Castrillo,+34885452857,vicensquirino@example.org,2025-02-25
261,Jose Miguel Olmo,Acceso Samu Vazquez,+34881573988,godoyconrado@example.net,2024-05-26
262,Noemí Polo Borrás,Via de Emelina Toms,+34941606083,hcarrera@example.org,2024-05-29
263,Teresita Mir Sánchez,Plaza Maximiliano Gibert,+34 843 419 843,pilarvillar@example.net,2024-09-15
264,Dionisio Ricart Muñoz,Caada Wlter Portero,+34 987 856 701,palmerjose-carlos@example.net,2025-02-07
265,Mónica Marqués Vilanova,Rambla Rosalina Arregui,+34 884 095 822,martinconsuelo@example.net,2024-08-16
266,Graciela Seguí,Avenida de Andrea Rojas,+34 972693263,btirado@example.org,2024-08-02
267,Marcial Agudo Ordóñez,Via Carlito Tovar,+34 723 890 047,puertamontserrat@example.net,2024-11-08
268,Ambrosio Badía Sáez,Cuesta de Lus Asensio,+34924 98 99 35,nestor81@example.com,2024-10-03
269,Cosme Ribera Peralta,Alameda de Mauricio Fuertes,+34 828 160 100,pastorasolis@example.net,2024-08-11
270,Juanito Sanjuan Echevarría,Pasaje de Pilar Espinosa,+34 822088833,mendezeli@example.net,2024-09-05
271,Calista Roldan Morillo,Ronda de Clara Mrmol,+34 730 853 804,chavessalud@example.com,2024-05-17
272,Fermín Yáñez,Callejn de Eliana Bello,+34827864253,lucasalcaraz@example.org,2024-12-23
273,Luis Ángel Mate Cadenas,Via de Virginia Pineda,+34 823881564,navasreyes@example.com,2025-01-06
274,Anna Cruz Pavón,Alameda Cipriano Andreu,+34 952576269,rodenashipolito@example.com,2025-04-25
275,Lázaro Cazorla,Vial Natanael Mata,+34 985 414 118,epifanio44@example.net,2024-08-05
276,Elpidio Villegas Urrutia,Rambla de Gracia Ordez,+34 948327246,ibanverdejo@example.com,2025-02-21
277,Melisa Téllez Vall,Plaza Rosendo Chacn,+34737 296 563,conrado70@example.net,2024-04-30
278,María Carmen Lozano Ferrera,Paseo Genoveva Canales,+34 824 591 219,oguardia@example.net,2024-08-18
279,Cayetano Linares Zamora,Acceso de Natividad Nuez,+34 951327578,aragoncurro@example.com,2025-03-10
280,Salomón Pino-Álamo,Calle Agustn Figueroa,+34826 89 41 82,hnadal@example.net,2024-06-08
281,Agustina Becerra,Paseo Tania Torrent,+34 977508522,azahara59@example.net,2024-11-21
282,Clotilde Alberto Cortina,Avenida urea Cabello,+34883 37 03 21,vcabeza@example.org,2024-05-14
283,Constanza Dorotea Aguado Castilla,Pasaje de Renato Vera,+34 888 557 878,burgosjose-maria@example.org,2024-09-24
284,Marcelino Borrás Blanch,Calle Victor Manuel Armengol,+34 948 816 611,ovidiomorante@example.org,2024-09-22
285,Marisela Barral Guerra,Vial Juan Antonio Gual,+34910461342,ignaciocorominas@example.org,2024-11-23
286,Isa Carro Tur,Urbanizacin Florinda Jimenez,+34 844820988,eligio53@example.org,2024-08-13
287,Miguela Vélez Sastre,Camino de Mauricio Sales,+34 823704037,adolfogabaldon@example.com,2024-06-06
288,Miguel Ángel Sevillano-Montero,Calle de Juana Camino,+34 882 727 027,bruetelvina@example.net,2025-04-12
289,Jenny Baena Gelabert,Plaza Amrica Lluch,+34 827 691 436,margaritaburgos@example.org,2025-03-08
290,Leonor Sebastián Serra,C Camila Cardona,+34 853409507,rpujol@example.com,2024-11-02
291,Heraclio Padilla Campo,Caada de Mohamed Izaguirre,+34 948 79 37 86,vmorell@example.org,2024-09-02
292,Aristides Olivares Zabala,Avenida de Ildefonso Montserrat,+34800 61 71 39,antoniomarmol@example.org,2025-03-16
293,Cruz Parra Robles,Urbanizacin Teodoro Gelabert,+34800827178,luz33@example.org,2025-01-10
294,Diana Mendez Mateos,Cuesta de Carlos Jord,+34 984 56 72 52,villenajuan-manuel@example.net,2024-06-03
295,Noa Saldaña Valentín,Pasaje Urbano Barral,+34879 514 321,candelasramirez@example.com,2024-08-30
296,Ángela de Reina,Avenida de Ainoa Martinez,+34939 477 296,lopezgraciano@example.com,2024-08-30
297,Dora Macías-Muro,Acceso de Viviana Soriano,+34886 31 06 96,miriamcadenas@example.com,2024-07-21
298,Raimundo Joel Arranz Fuente,Acceso de Jose Manuel Arroyo,+34968 066 944,teobaldo55@example.net,2024-05-25
299,Marisa Teresa Coloma Jove,Acceso de Juana Coloma,+34880 235 125,josue12@example.net,2024-11-25
300,Osvaldo Simó Somoza,Paseo Gabino Rocha,+34947 94 70 52,tapiamariana@example.com,2024-12-18
301,Aurora Morera Berenguer,Cuesta de Ema Otero,+34924 69 49 47,avileslidia@example.net,2025-03-26
302,Marcos Mayo Heras,C Emelina Morillo,+34 826 51 48 36,fitojulian@example.net,2024-08-07
303,Martin Manrique Gonzalo,Camino de Alejandro Chaparro,+34924405079,luisinigo@example.net,2024-09-21
304,Basilio Poza Hervia,Rambla Adelia Abella,+34942 76 05 05,barberopaulina@example.org,2024-09-14
305,Miguel de Peiró,Glorieta Magdalena Heras,+34 984023991,wgomez@example.org,2025-01-01
306,Elías Marcelo Ordóñez Montalbán,Caada de Lorena Romero,+34874977985,hervasaraceli@example.com,2024-08-15
307,Leire Carmela Amigó Angulo,Ronda de Pelayo Villena,+34 950053784,rafaelcarretero@example.net,2025-03-19
308,Carmelo de Batlle,Pasadizo de Amando Nez,+34807 037 494,diegomoreno@example.com,2024-11-28
309,Azucena Cal,Cuesta de Imelda Sevilla,+34849525935,qsegovia@example.net,2025-01-21
310,Amada Leon Beltrán,Cuesta Nydia Trillo,+34976 84 70 91,alexlastra@example.org,2024-05-01
311,Eleuterio Tejedor Borrás,Cuesta Tatiana Cuevas,+34 948 031 552,ivara@example.com,2025-01-11
312,Kike Aparicio Morcillo,Glorieta Bernab Cases,+34 915 687 918,bertranaura@example.com,2024-05-19
313,Encarnacion Solano,Plaza Maximino Morcillo,+34 879 872 465,dcisneros@example.org,2024-05-02
314,Alma Natividad Marí Blazquez,C de Fabio Cantn,+34 924 564 478,aaguado@example.org,2025-03-24
315,Óscar Redondo,Caada Petrona Frutos,+34 882482564,jeremias99@example.net,2024-10-26
316,Nayara Valderrama Mir,Avenida Bruno Rey,+34822963380,fgarces@example.net,2025-01-24
317,José Antonio Santiago,Callejn de Roxana Benet,+34 980 167 460,varenas@example.org,2025-03-08
318,Mariana Lobo,Rambla Bernardo Llorente,+34 875676697,faustino63@example.com,2024-06-04
319,Bárbara Sebastián,Plaza de Jose Miguel Izaguirre,+34 973227959,juan-franciscopino@example.net,2025-03-22
320,Poncio Abad-Mir,Caada Marc Polo,+34 977 60 60 27,nilda72@example.com,2024-11-16
321,Julia Jimenez Díez,Plaza Lina Borrell,+34883 54 76 77,bolanoseduardo@example.com,2025-01-28
322,Flavia Tejedor Campo,Cuesta Alex Castilla,+34884 567 989,aalberola@example.org,2024-11-03
323,Máxima Carlos Morales,Plaza Yaiza Fuente,+34844263754,kmiralles@example.net,2025-02-20
324,Armida Morata Carballo,Glorieta Amador Nio,+34 926 18 76 20,maximilianogallo@example.org,2025-03-22
325,Remedios Figueroa-Calderón,Camino de Martn Bayo,+34 880 91 52 22,ceferino88@example.net,2024-07-06
326,Eliana Miguel Jurado,Glorieta de Patricio Caete,+34877 73 20 49,fllamas@example.net,2024-10-28
327,Emelina Linares Vera,Vial Amado Barcel,+34 709 077 313,bprada@example.com,2024-07-15
328,Pastor Mulet Piñol,Callejn de Maxi Mateo,+34874 828 288,nicolasa94@example.net,2025-04-09
329,Melisa Casal Reig,Ronda de Miguel ngel Castilla,+34984 89 65 44,dominguezpurificacion@example.org,2025-04-15
330,Clemente Ros Agustí,Via de Liliana Miralles,+34 983 725 263,ncamara@example.com,2024-07-13
331,Susana Canals Salazar,Caada Saturnina Vizcano,+34921 446 975,bplaza@example.com,2024-06-16
332,Marisol Amanda Meléndez Barros,Glorieta Ignacio Orozco,+34 943 317 757,cuevasclaudio@example.com,2024-07-25
333,Yago Fajardo Montesinos,Avenida de Carina Bayo,+34 800 70 23 40,maximinomontenegro@example.org,2025-04-22
334,Ruy Bauzà,Paseo de Alicia Pol,+34825746500,abrahamcanete@example.net,2024-12-18
335,Ana Belén Planas Bolaños,Avenida de Chema Bartolom,+34882291587,moralesernesto@example.org,2024-09-16
336,Benito Milla Ugarte,Pasadizo Pnfilo Brcena,+34886166858,bravoramona@example.net,2025-02-06
337,Andrés Ismael Domínguez Bayo,Avenida Sonia Martnez,+34848 227 947,emperatriz76@example.org,2024-12-22
338,Jerónimo Ruano Pla,Glorieta Eladio Nieto,+34883 86 40 75,omar86@example.net,2024-12-16
339,Candelario Nicanor Pomares Bonilla,Paseo Roco Vicens,+34986696340,jlloret@example.com,2025-01-05
340,Anastasio Badía Benavente,Caada de Isaac Carvajal,+34825 710 272,goyoandreu@example.net,2025-03-31
341,Plinio Muro,Camino Che Robles,+34879922746,ricardaborja@example.com,2024-12-07
342,Basilio Gomis Morera,Glorieta Encarnacion Menendez,+34 800 880 400,escuderojose-luis@example.com,2024-11-21
343,Darío Burgos Sáez,Rambla Mara Teresa Paredes,+34 841 90 30 85,gsolsona@example.org,2025-03-01
344,Sancho Baró Orozco,Paseo de Carla Planas,+34 901329418,macaria21@example.com,2024-12-15
345,Agustina Palmira Salinas Cornejo,Glorieta Luisa Urrutia,+34 973343655,flor39@example.org,2024-08-26
346,Cándido Llanos Cid,Glorieta de Caridad Salvador,+34 945457579,eborras@example.net,2024-05-14
347,Mariano Marqués Cañas,Calle Valentina Sotelo,+34 881060355,maximoesteve@example.org,2025-01-17
348,Saturnina del Rios,Avenida de Alonso Hidalgo,+34971 44 26 13,fatima74@example.net,2024-09-20
349,Rodrigo León Bustos Borrego,Acceso Wlter Mascar,+34 976 256 548,ricardo11@example.com,2024-09-15
350,Zaira Noa Vilaplana Sola,Vial Nazario Perera,+34974 16 47 96,xterron@example.org,2024-11-15
351,Álvaro de Guerra,Acceso Baldomero Flores,+34944449725,kaviles@example.net,2024-07-25
352,Cayetana Río,Ronda de Telmo Garmendia,+34946 901 423,galaperera@example.net,2025-02-06
353,Pastora Ferrán-Blasco,Callejn Gerardo Correa,+34 981401977,delfinaayala@example.org,2025-01-12
354,Jose Lucena Montenegro,Calle Aurora Borrego,+34 924652826,cisnerosteodora@example.net,2024-09-14
355,Rafael Sanz Manzanares,Glorieta Aureliano Pujadas,+34978636299,merche28@example.org,2024-08-12
356,Leoncio de Medina,Callejn de Valero Lerma,+34900 79 83 27,albertomaxi@example.com,2025-01-22
357,Juan Hierro Ruano,Glorieta Luisina Reig,+34806 722 250,javierarios@example.org,2025-02-10
358,Hector Fernández-Valentín,Via Francisco Javier Vilar,+34936 56 15 29,augustobarco@example.com,2024-07-08
359,Celestino Darío Puente Lledó,Alameda Jos Antonio Quero,+34 827513857,ruben49@example.org,2024-12-14
360,Marc Casares Gordillo,Caada Carmina Gras,+34 925 456 702,walmagro@example.org,2024-10-09
361,Rosalía de Garcés,Plaza de Ciraco Blazquez,+34 948 06 70 35,marsantamaria@example.org,2024-07-08
362,Santos Girón,Alameda Leopoldo Montalbn,+34 882 68 65 15,saurajuan-luis@example.com,2025-03-25
363,Rosalía Pina Conesa,Camino Eloy Campillo,+34 815 738 411,coronadotoribio@example.net,2024-10-05
364,Rico Espada-Duran,Acceso de Luis Alberdi,+34 882820726,danilogarcia@example.org,2025-02-02
365,Roxana Asenjo Duran,Pasaje de Adolfo Alcaraz,+34 976 90 17 32,guerraetelvina@example.org,2024-07-17
366,Amor Navarro Vergara,Glorieta de Tristn Pablo,+34 964643922,begea@example.org,2025-02-23
367,Jose Luis Pujol,Plaza de Modesto Barranco,+34879120414,paulinonicolas@example.net,2024-10-14
368,Leyre Canales Osuna,Via de Imelda Vidal,+34901 85 16 10,unadal@example.org,2024-10-23
369,Sebastián Peláez Fabregat,Paseo de Judith Rebollo,+34867983592,anacleto93@example.org,2024-08-12
370,Albert Cobo,Callejn Nerea Blazquez,+34844563387,tomasasarmiento@example.org,2024-08-27
371,Amaro de Macías,Ronda Lus Calzada,+34 927 80 22 01,encarnacion69@example.com,2024-08-26
372,Telmo Andrade Llabrés,Calle Vanesa Heredia,+34 971 29 64 92,aitor09@example.com,2024-07-05
373,Lucas de Arnau,Acceso de Rosenda Sevilla,+34 920 43 80 20,escalonaadalberto@example.com,2024-07-17
374,Judith Sacristán Costa,Callejn de Zaira Moliner,+34 708 00 91 37,anabelhervia@example.org,2024-09-30
375,Cornelio Fernández Rico,Rambla Anbal Vigil,+34848 775 745,chervas@example.org,2024-12-07
376,Juan Bautista Ferrer Villaverde,Alameda Itziar Surez,+34942 63 88 29,alejandraugarte@example.org,2025-03-08
377,Nélida Rey Amador,Calle Alex Escribano,+34 848 207 956,sarabiaolivia@example.org,2024-12-19
378,Sofía Cornejo-Barceló,Calle Encarnacion Valle,+34846072556,marinacid@example.org,2025-01-15
379,Viviana Beltrán Olivera,Caada Cosme Yez,+34800 88 37 63,pastorevelia@example.net,2024-11-21
380,Iker Monreal,Plaza de Petrona Mario,+34877 55 12 41,rubendonoso@example.com,2025-02-10
381,Paloma del Torrents,Alameda Valeria Sanz,+34 902508681,aurea86@example.com,2025-02-26
382,Seve Domínguez Cervantes,Paseo Nicodemo Teruel,+34 884 78 74 21,calista92@example.net,2024-11-28
383,Édgar Flores Fábregas,Acceso de Francisca Comas,+34902240869,hvina@example.org,2024-06-15
384,Tito Salamanca,Vial de Too Andres,+34 984821398,onavarro@example.org,2024-08-29
385,Odalis Palacios Seguí,Vial Concha Nebot,+34925366777,huguetmatilde@example.com,2025-03-27
386,Rosalva Llamas Garcés,Avenida Pancho Iriarte,+34964987929,lara46@example.com,2025-02-17
387,Adán Manzanares Coello,Callejn Rafa Isern,+34949 936 309,qvalenzuela@example.net,2024-08-13
388,Jafet Figueroa Lasa,Camino Remedios Seco,+34826 001 895,espanamoreno@example.org,2024-05-25
389,Angelita Hernández,Camino de Amor Boix,+34 949630779,olivareshector@example.net,2024-11-20
390,Miriam de Araujo,Caada Buenaventura Morera,+34975 44 44 15,julio36@example.org,2025-02-22
391,Nicodemo Carvajal Guardiola,Cuesta Roldn Querol,+34823 14 52 90,pozaema@example.net,2024-05-10
392,Manuelita del Leon,Avenida de Nadia Castell,+34 843 39 73 88,minguezevangelina@example.org,2024-12-07
393,Jose Gil Cobos,Vial de Damin Estrada,+34 866300385,nuria94@example.net,2025-04-22
394,Artemio Sarabia Cerdán,Cuesta de Edu Moll,+34 748633214,rogelio21@example.org,2024-11-23
395,Adoración Montaña,Urbanizacin Isabel Jan,+34887870936,kbusquets@example.org,2025-03-18
396,Yolanda Toro Barrios,Calle de Lucio Cerdn,+34 880 61 76 85,irivera@example.net,2024-08-23
397,Brunilda Oriana Romeu Bustamante,Acceso de Alejandro Trujillo,+34883746238,octavia40@example.com,2025-02-10
398,Jeremías Rodríguez Cases,Glorieta de Santos Plana,+34871022305,josep49@example.com,2024-10-13
399,Teófila Garzón Sarabia,Urbanizacin de Ignacio Barral,+34887 96 14 53,adrian83@example.org,2024-09-26
400,Heriberto Gustavo Roig Núñez,Ronda de Josep Molina,+34979818710,icanete@example.com,2024-10-15
401,Rodolfo Hierro Teruel,Callejn de Gregorio Solera,+34 944 51 53 29,ana-sofia20@example.org,2025-04-28
402,Claudio de Nicolás,Avenida de Cebrin Caizares,+34845518593,rmendez@example.com,2024-08-09
403,Ciríaco Gil-Julián,Cuesta de Juan Padilla,+34 730 974 764,martigas@example.com,2025-01-28
404,Miriam Torres,Avenida de Baldomero Frutos,+34 876949575,noemi87@example.com,2025-04-19
405,Severiano Salom Fiol,Paseo Timoteo Guillen,+34 824 81 14 08,olga86@example.net,2024-07-19
406,Galo Carmona-Cantón,Alameda Sandra Sotelo,+34974 55 51 29,javier11@example.com,2025-04-01
407,Carmen Almansa Vicens,Camino Manuelita Gmez,+34842612217,coronadocarmelo@example.org,2024-07-27
408,Gilberto Gomez,Calle Teodosio Morn,+34843172820,yaguila@example.com,2024-10-02
409,Paulino Machado Hernando,Glorieta de Bruno Baquero,+34 849081425,juan-manuel89@example.net,2024-11-05
410,Chus Alberto,Callejn Adelina Mario,+34 828 46 26 81,irodrigo@example.net,2024-10-12
411,Renata Bello-Trillo,Caada de Simn Jord,+34 978074811,maxiferrandez@example.net,2025-03-10
412,Porfirio Blanch Haro,C Miguela Montes,+34 825 43 27 73,montserratolivia@example.net,2025-04-08
413,Natividad Escudero Sanabria,Caada de Obdulia Peas,+34 922608486,dionisiahuguet@example.com,2025-03-01
414,Quirino Grau-Ballester,Plaza Cruz Cceres,+34 918491264,dominga29@example.org,2024-09-14
415,Adelia Barriga Cortes,Ronda Hortensia Somoza,+34884302863,dionisiamiguel@example.net,2025-02-12
416,Lalo Sanabria Verdejo,Via de Macaria Oliva,+34842 08 43 77,juan-franciscouriarte@example.net,2025-01-29
417,Danilo López Pozo,Acceso de Rosa Angulo,+34976408001,ilopez@example.net,2025-04-02
418,Jose Ibáñez-Pedraza,Calle Julieta Caballero,+34900 33 93 71,sanjuandomitila@example.net,2025-03-17
419,Gastón Salcedo-Mancebo,Via Arsenio Contreras,+34947 502 080,arranzjonatan@example.com,2025-04-05
420,Filomena Borrego Arranz,Via de Julieta Anglada,+34910 19 47 99,torrescarmen@example.net,2025-02-02
421,Loreto Palma Anaya,Via de Inmaculada Figueras,+34 825 798 476,lmora@example.com,2024-05-20
422,Ariadna del Pomares,Callejn de Fanny Sevillano,+34 823725220,joaquincanales@example.net,2025-01-17
423,Jesús Gallart Araujo,Callejn Mohamed Arroyo,+34843758093,zvicens@example.com,2025-02-11
424,Priscila Piña Castellanos,Vial de Antonio Bonet,+34985117714,bautistasanmartin@example.com,2024-06-01
425,Simón Pardo Vizcaíno,Paseo de Remigio Angulo,+34988587255,wacero@example.org,2025-02-07
426,Teresita Quevedo Téllez,Acceso de Narciso Corominas,+34 822 811 218,figuerassara@example.org,2024-09-26
427,Emiliano Suárez Juárez,Ronda Ciriaco Sobrino,+34872 27 46 77,azenethalemany@example.com,2025-03-28
428,Leandra de Duran,Callejn de Sofa Pozuelo,+34 945807257,jordanrosalva@example.org,2024-11-10
429,Rosalva Quero Verdejo,Plaza Gervasio Soler,+34 817 426 940,maria-del-carmen33@example.net,2025-04-22
430,Visitación Gomez Pallarès,Calle de Elpidio Bosch,+34875 04 87 22,zaragozaprimitivo@example.com,2024-08-23
431,Augusto Abellán,Urbanizacin Victoriano Mndez,+34 826 837 252,banosluis-angel@example.net,2025-03-28
432,José Ángel Tejera Serrano,Pasadizo Eugenia Anguita,+34921939586,earjona@example.com,2025-01-16
433,Carmen Luna Grande Cifuentes,Pasadizo Rgulo Royo,+34982 63 53 10,juan-pablo41@example.org,2024-05-26
434,Marianela Hidalgo Carpio,Camino de Tadeo Arnal,+34976 119 807,mercedesmorcillo@example.org,2025-03-02
435,Matías Haro Llorente,Acceso de Jose Miguel Silva,+34 882 00 09 44,carpiomanola@example.net,2024-09-17
436,Griselda Delgado Gonzalez,Callejn Susana Valencia,+34 949 05 70 81,mollmanu@example.net,2025-04-25
437,Bienvenida Marina Pablo Aparicio,Caada Mara Jos Losada,+34957279468,olimpia34@example.org,2025-01-31
438,Isabel Saez Alcázar,Urbanizacin Luz Lobato,+34 872 601 849,posadagaston@example.org,2024-10-11
439,Vito Cardona Bernad,Pasaje de Jose Luis Parejo,+34 972 96 30 02,ncomas@example.com,2024-09-29
440,Ignacio Ricardo Talavera Sainz,Avenida de Paulino Arcos,+34947 75 83 99,leonelias@example.com,2025-03-22
441,Gregorio Alcaraz Contreras,Pasadizo Emiliana Barranco,+34800 80 33 98,felisa05@example.org,2024-09-24
442,Ruben Carro Carro,Pasaje Graciela Sanmartn,+34 884 348 751,goyo15@example.com,2025-02-28
443,Jose Manuel Eladio Capdevila Cerdán,Callejn Aarn Villanueva,+34 842 944 876,oliverasfabricio@example.net,2024-04-30
444,Isaac Santamaria Sastre,Callejn de Amancio Puig,+34971 335 925,osunaisabel@example.org,2024-05-10
445,Berto de Fajardo,Callejn Mara Dolores Escriv,+34 927119173,carpioroxana@example.org,2025-04-06
446,Graciano Cervantes,Glorieta Bienvenida Salcedo,+34 822 10 68 62,dpalma@example.net,2025-02-25
447,Sigfrido Hernando Alonso,Glorieta de Armida Vazquez,+34 826 275 933,mmate@example.com,2024-11-20
448,Gustavo Rozas Gordillo,Cuesta Domingo Gutirrez,+34944625602,robertabelda@example.com,2024-07-28
449,Alfredo Silvestre Cruz Planas,Ronda Maximiano Anaya,+34933 24 55 37,andres-felipe92@example.net,2024-04-30
450,Íñigo Cordero,Ronda Juan Francisco Pina,+34 882 44 22 54,hurtadopablo@example.net,2024-08-23
451,Rogelio Gomila-Sandoval,Alameda Edmundo Pinedo,+34 883 240 823,anacleto13@example.org,2024-12-27
452,Eusebia Taboada-Lobato,Paseo de Saturnino Toledo,+34 883737105,jose-angel06@example.org,2024-12-21
453,Eleuterio Moraleda Fabregat,Calle de Len Dueas,+34 878 106 619,tjuarez@example.net,2025-04-10
454,Encarna Español Escobar,Calle de Po Luna,+34825 117 711,regueracruz@example.org,2024-12-25
455,Victoriano Bosch Blazquez,Cuesta de Natanael Benito,+34 978 84 14 00,gerardo87@example.net,2024-10-31
456,Samuel Valderrama Muñoz,Camino de Hernn Valero,+34 927 591 814,yesica25@example.org,2024-10-12
457,Flor Tecla Palacio Pera,Ronda Lina Verd,+34 875 793 661,tere18@example.org,2024-10-12
458,Hipólito Pacheco Heredia,Callejn Ligia Pol,+34980 77 30 36,galapeiro@example.org,2025-02-16
459,Eliana Tomas Egea,Avenida de Charo Bejarano,+34900 160 889,marciano12@example.com,2024-09-28
460,Segismundo del Santamaría,Alameda de Vilma Mata,+34873610761,porfirio95@example.net,2024-05-22
461,Fernando Luís Ordóñez Barragán,Vial de Brunilda Pinilla,+34 841421502,eric13@example.org,2024-12-25
462,David Cañas-Perales,Via Simn Ledesma,+34922309747,andres90@example.org,2025-02-05
463,Mayte Blanco-Anglada,Glorieta Purificacin Arco,+34 945 23 59 13,qmorell@example.com,2024-10-02
464,Jordán Agustín,Paseo Ovidio Sevillano,+34849125509,oriana48@example.net,2024-09-01
465,Eva Frías-Casares,Pasaje de Cristian Pedrosa,+34 985 550 209,tlucena@example.org,2025-01-13
466,Valentina Villalba,Ronda de Clarisa Tejedor,+34 823 76 28 65,xmendoza@example.com,2024-10-09
467,Clementina Amo Carbajo,Plaza Vctor Ferrn,+34743 834 400,bcabanillas@example.org,2025-03-20
468,Federico Carrillo,Vial Camilo Morn,+34984 933 009,teresita25@example.org,2024-10-02
469,Graciela Roman Cerro,Acceso Emiliana Zabala,+34 853 980 231,bgirona@example.com,2025-01-26
470,Isidora Miró Villena,Caada de Josefina Mosquera,+34920 83 98 10,epardo@example.net,2024-05-11
471,Ildefonso Fábregas,Via Etelvina Canals,+34 807 985 553,gfalcon@example.org,2024-08-25
472,Jose Luis Raya Guitart,Urbanizacin Ins Hernndez,+34 824 36 32 07,octavio97@example.net,2025-03-03
473,Azahara Vendrell,Ronda Andrs Arjona,+34927 62 38 42,marita83@example.org,2024-12-06
474,Amando Piñeiro Godoy,Vial Martin Zurita,+34942 91 71 52,emiliobenitez@example.com,2024-05-22
475,Eugenio Ferrando Patiño,Plaza de Chus Arranz,+34 922 33 31 11,donosogeronimo@example.com,2024-05-13
476,Moreno Pedro Pazos Lorenzo,Ronda Amanda Glvez,+34813450172,crueda@example.org,2024-09-12
477,Rosenda Seguí Quiroga,Cuesta de Jeremas Anaya,+34 976180216,avalverde@example.net,2024-12-07
478,Diego Iker Guerra Casal,Callejn Dionisio Almazn,+34 949 89 61 42,noa51@example.net,2025-03-15
479,Anselma Villaverde Acero,C de Hctor Pealver,+34 984 39 82 49,eloisagargallo@example.org,2024-12-18
480,Lola Salazar Asenjo,Acceso Gustavo Blasco,+34843 14 13 48,maria-manuela24@example.net,2024-05-13
481,Jacobo Pujol Tamarit,Pasadizo Amparo Moya,+34876 003 896,hpuerta@example.org,2024-08-28
482,Juan Bautista de Estevez,Urbanizacin Isabela Armas,+34 827 299 699,ylillo@example.net,2024-06-02
483,Reinaldo Hierro Izquierdo,Avenida de Andrea Sanabria,+34 927 66 37 17,maria44@example.net,2025-03-25
484,Adrián Fausto Ibarra Roca,Rambla de Gabriel Ordez,+34 902 62 50 79,florentinaarenas@example.net,2024-10-11
485,Mirta de Tejedor,Glorieta Filomena Heras,+34931 80 58 20,amarorocha@example.com,2025-01-29
486,Humberto Jurado Linares,Camino Brgida Ricart,+34828 256 751,claudioaguado@example.net,2025-03-26
487,Eufemia Martí Priego,Plaza de Macaria Gutierrez,+34 967515829,silvestremur@example.com,2025-04-20
488,Valeria Marco-Prieto,Calle Modesto Aguil,+34 924 531 441,artigasjose-maria@example.net,2024-12-03
489,Julieta Alfaro-Peinado,Via Carmelita Ropero,+34928 68 31 81,rociocarrasco@example.com,2025-02-16
490,Valentina Llobet-Alsina,Vial de Eleuterio Paredes,+34708 343 304,casalsplinio@example.org,2025-01-14
491,Zaida del Pascual,Via de Valentn Martn,+34846382960,arivas@example.org,2024-12-02
492,Erasmo Cristian Jara Calvet,Caada Montserrat Jurez,+34 984 216 310,teruelchita@example.org,2024-12-06
493,Perla del Cal,Cuesta Visitacin Martn,+34923012386,regulo88@example.org,2024-10-22
494,Elisabet Anselma Robledo Dávila,Caada de Manu Pinilla,+34941474515,kcasares@example.com,2024-12-16
495,Venceslás Oliveras Sanjuan,Ronda de Maricruz Vilaplana,+34 747 45 93 56,jatienza@example.com,2024-12-28
496,Carmelo Moya Manzanares,Calle Magdalena Poza,+34 976359910,palauinocencio@example.net,2025-01-31
497,Nazaret Borrell,Camino Aura Llorens,+34823 65 23 42,linomontalban@example.org,2024-09-15
498,Ángel Marquez Royo,Glorieta Chita Busquets,+34843676239,panfilo93@example.com,2024-07-21
499,Florencio Casals Menendez,Cuesta de Ana Beln Pinedo,+34 820 02 58 12,anastasio78@example.org,2025-01-08
500,Marisela Carreño Cerdán,Acceso de Hayde Hierro,+34 928 77 76 89,sabatereufemia@example.net,2024-12-18
501,Sara Girón-Aranda,Urbanizacin de Nazario Tejedor,+34 948 387 956,cartigas@example.com,2024-09-28
502,Dolores Pazos,Urbanizacin de Elisa Fuertes,+34874 62 40 74,raimundoalmansa@example.com,2025-02-06
503,Visitación Muñoz Pujol,Paseo Leopoldo Galan,+34806 99 63 92,aitana22@example.org,2024-09-29
504,Alfonso Luján,Calle Paz Planas,+34 844 75 88 56,andradenicolasa@example.org,2024-11-13
505,Edu del Patiño,Vial de igo Sanjuan,+34882042674,samperfernando@example.org,2025-03-14
506,Samu Miralles-Comas,Urbanizacin de Rita Segu,+34820 729 379,armascamila@example.net,2024-10-01
507,Celestino Jose Carlos Guerrero Velázquez,Camino de Roxana Amig,+34876 70 93 04,demetrio58@example.net,2024-08-17
508,Aristides Andreu Malo,Cuesta Nando Alcaraz,+34 985 412 297,panchosantamaria@example.net,2024-09-26
509,Marina Anunciación Clavero Rosselló,Pasaje Amrica Cortes,+34 900 45 07 66,asuncion29@example.net,2024-05-01
510,Haroldo Rosselló Portillo,Rambla de Charo Pombo,+34800 646 717,lupe09@example.org,2024-05-17
511,Jose Sotelo Priego,Camino Mara Jos Bustos,+34 847 02 37 06,mendizabaleladio@example.org,2024-07-07
512,Juan Suárez Pol,Alameda Rosendo Barragn,+34927446988,pilar22@example.com,2024-07-12
513,Adolfo Arregui Barros,Paseo de Imelda Juan,+34900 732 776,camposreynaldo@example.net,2024-07-10
514,Mar Águila-Borrell,Glorieta Mara Tena,+34 914 574 158,roldanemilia@example.com,2025-04-23
515,Manuel Mora Prado,Urbanizacin de Vernica Glvez,+34 942 71 38 13,mendezpaulina@example.com,2025-01-27
516,Alfonso Quevedo Roldan,C Elpidio Grate,+34911 79 53 82,fdieguez@example.org,2024-06-11
517,Palmira Lara Trujillo,Acceso Nilda Rueda,+34988 77 29 42,jeremias13@example.net,2024-12-09
518,Trini Salmerón,Vial de Cleto Abad,+34875 571 353,isabelpalacio@example.com,2024-10-06
519,Ariadna Aliaga Acedo,Rambla Victor Manuel Pallars,+34941 109 407,horaciolozano@example.net,2024-11-24
520,Poncio Vidal Manzano,Alameda Adela Ruiz,+34 876 614 267,sansmorena@example.com,2024-08-25
521,Leandro Alfonso Bueno,Urbanizacin Eugenia Vilar,+34922 361 863,fharo@example.net,2025-01-18
522,Mercedes Múgica,Vial Duilio Blanco,+34 843 25 43 34,vriquelme@example.com,2025-02-06
523,Leticia Campillo Alcalá,Urbanizacin de Itziar Pedraza,+34 882 78 38 81,maliaga@example.com,2024-09-06
524,Adelia Calderón Samper,Cuesta de Onofre Flores,+34988642066,manuelaegea@example.net,2025-03-19
525,Lalo Pancho Arcos Acevedo,Glorieta de Tomasa Cerdn,+34807 50 90 19,llanopepe@example.org,2025-04-25
526,Edelmiro Fabra Torrent,Paseo de Adelina Landa,+34 736 863 848,ecarballo@example.net,2025-02-04
527,Abigaíl López Barroso,Via Desiderio Fortuny,+34 841420115,bejaranomaria-teresa@example.com,2025-01-16
528,Horacio Hector Tena Puente,C Bruno Salgado,+34 955 842 764,herberto92@example.net,2024-11-09
529,Feliciano Luján Barba,Pasadizo de Herminio Caizares,+34920 178 343,jeronimo66@example.org,2024-06-19
530,Victor Manuel Morata Ortiz,C de Alondra Tejero,+34971282979,eusebio77@example.com,2024-07-17
531,Alcides del Galindo,Paseo Zoraida Segarra,+34 746 678 398,jose-ramonalvarez@example.com,2024-06-22
532,Guillermo Heredia Gras,Paseo de Enrique Colom,+34 807622652,felicia69@example.com,2025-01-16
533,Yéssica Valbuena Ferrer,Glorieta Mara ngeles Roldan,+34986 22 42 42,mugicanicodemo@example.org,2025-03-20
534,Cosme Pedro Polo,Paseo Viviana Jordn,+34 849 63 28 33,calixto19@example.com,2025-01-20
535,Salvador del Peralta,Caada Josefa Gelabert,+34 986 38 57 30,isaac21@example.net,2024-08-01
536,Paz Salud Caro Valencia,Caada Albert Esteban,+34 883 053 975,federicocaro@example.com,2025-04-05
537,Martín Tejada Ferrando,Plaza Estefana Reig,+34868 12 09 58,bcardona@example.net,2024-12-12
538,Wálter Oliva Moliner,C Dorita Galindo,+34913 10 98 40,carolinabelda@example.net,2024-09-04
539,Simón Hidalgo Bermúdez,Pasadizo Bernardo Rivera,+34634 75 38 64,pinolnatalia@example.com,2024-06-02
540,Germán Alcolea Verdú,Rambla de Jeremas Catal,+34 704993302,torrefaustino@example.net,2025-04-30
541,Natalia Águila Garriga,Caada Olga Mndez,+34982810255,cardenasbibiana@example.org,2024-06-21
542,Casandra Miguela Heredia Camino,Plaza Isa Acero,+34852283750,anastasio43@example.com,2025-01-30
543,Ana Sofía Real-Nadal,Glorieta Nazaret Madrid,+34876 721 515,anselma63@example.org,2025-01-23
544,Ana Sofía Cortés Parejo,Ronda de Anglica Gual,+34 925724411,florenciaaranda@example.com,2024-07-08
545,Mayte Amores Fiol,Ronda de Joel Pez,+34825 193 774,anastasioarmas@example.com,2024-09-18
546,Adalberto Arcos-Espejo,Alameda de Remedios Galvn,+34843278871,jose-carlos44@example.net,2024-05-29
547,Gaspar Castell Ramos,C Samu Campos,+34 928 27 56 43,olimpiacoca@example.net,2025-01-28
548,Severino Basilio Bautista Moll,C Federico Almagro,+34849 042 044,marco59@example.org,2024-12-19
549,Emiliana Dorotea Alvarado Novoa,Plaza de Reinaldo Olivera,+34712 816 077,fabiola83@example.net,2024-12-04
550,Noa Gras Tudela,Camino Augusto Mateu,+34872 209 054,alvarocorominas@example.com,2024-07-14
551,Joan Pla-Bou,Via de Octavia Folch,+34823 37 89 79,epifaniovillalba@example.org,2024-12-17
552,María Luisa Almazán Cortina,Calle de Araceli Ortuo,+34807277496,amoya@example.org,2024-12-05
553,Yolanda de Fernandez,Paseo Amanda Durn,+34 843311983,albanosalcedo@example.com,2024-08-10
554,Guadalupe Jose Ramón Mendizábal Arroyo,Plaza Ariel Ortega,+34632 66 97 54,candido06@example.net,2024-05-28
555,Asunción Rius Arcos,Camino Isidro Santana,+34 841 695 685,millavirgilio@example.org,2024-10-16
556,Calista del Llanos,Avenida Ceferino Sala,+34719861747,ricartalbert@example.net,2024-11-18
557,Alfredo Barceló Valbuena,Rambla Erasmo Fuente,+34 876 113 199,camilo74@example.net,2024-07-18
558,Diana Peralta Villa,Pasadizo de Ariel Tur,+34930648675,otorre@example.org,2025-02-21
559,Benito Albero Expósito,Caada de Esmeralda Castilla,+34902670616,casemiro57@example.org,2024-08-30
560,Bartolomé Iglesias Burgos,Via Etelvina Acero,+34 971 170 592,trinidadmadrigal@example.net,2025-03-21
561,Curro González Macías,Rambla Miriam Barral,+34 927 30 16 20,izquierdoramiro@example.net,2025-01-28
562,Herberto del Navarro,Acceso de Isidora Escolano,+34874 42 45 56,felix38@example.com,2024-05-28
563,Ligia Agullo Priego,Caada Edmundo Anaya,+34800294946,evaristo10@example.com,2025-01-08
564,Rosalía Blanca-Royo,Cuesta de Fanny Cabanillas,+34807 15 67 96,ordonezdimas@example.com,2024-07-08
565,Dolores Diaz Vera,Paseo de Jose Francisco Marqus,+34826 455 096,vchaves@example.net,2025-03-08
566,Luciano Pujol-Vallejo,Acceso Azucena Pujadas,+34953084768,ciriacobustos@example.org,2025-01-16
567,Trini Buendía Cortés,Acceso de Santiago Godoy,+34847 069 668,amiralles@example.net,2024-10-26
568,Moisés Peláez-Barreda,Glorieta Jos Mara Salvador,+34 716 780 656,odaliscases@example.com,2024-05-08
569,Isaías Neira-Durán,Acceso Valentn Noriega,+34605 510 408,calvetpanfilo@example.org,2024-05-15
570,Patricio Aguilar Atienza,Via Pepito Barber,+34 826718101,bernabeaguado@example.net,2025-03-10
571,Emelina de Haro,Calle de Rico Balaguer,+34 748 935 623,leonciohernando@example.org,2024-11-07
572,Omar Acero,Via Ildefonso Aragons,+34 923 633 903,carreraeva@example.com,2024-12-17
573,Sebastián Mancebo Gallart,Cuesta Renato Corral,+34 827625710,ranguita@example.com,2024-12-24
574,Pastor Valera Díaz,Ronda Evaristo Maza,+34 822 191 241,eva-mariasalazar@example.org,2024-07-05
575,Rogelio Arteaga Bayo,Glorieta Carlota Luna,+34 845 47 86 83,josefinavelez@example.net,2025-01-18
576,Feliciano Solsona Correa,Pasadizo de Dionisio Bermejo,+34923510725,jose-miguel73@example.org,2025-03-16
577,Marcela Alcántara Bermudez,Plaza Esperanza Carro,+34900285107,nacio91@example.com,2024-09-09
578,María Urrutia-Garrido,Avenida Borja Acua,+34 824 949 713,chemaduenas@example.org,2025-01-17
579,Goyo de Ramirez,Callejn de Eustaquio Mate,+34 888 014 911,emiliana67@example.com,2024-12-31
580,Rufino Sáez Donoso,Rambla Gaspar Sastre,+34843 54 40 00,casareswalter@example.com,2025-01-10
581,Fabiana de Ledesma,Pasadizo Hermenegildo Valderrama,+34981715282,kmariscal@example.com,2024-09-19
582,Nicodemo Almeida Ruano,Vial Jordn Alarcn,+34947 137 390,evalls@example.net,2024-07-18
583,Glauco Palomar Barreda,Ronda Roco Cabello,+34985 75 80 39,gironcarmina@example.com,2025-02-03
584,Rosaura Pujadas Miralles,Avenida Cesar Cobo,+34 942 26 21 51,joaquinaesteban@example.com,2025-02-06
585,Juan Rocamora Pérez,Vial de Jernimo Romeu,+34984 54 35 01,arcemarcio@example.org,2024-06-18
586,Espiridión Sanmartín Ortuño,Glorieta de Viviana Puerta,+34826382208,vito13@example.com,2025-04-05
587,Gabino Miguel Soto Arévalo,Avenida Malena Pomares,+34824 137 084,guiomar05@example.org,2024-11-17
588,Eduardo Fabregat Bru,Camino Jos Mari Juregui,+34 948 753 881,seguinatividad@example.org,2024-07-18
589,Fernando Lledó Mora,Avenida Clemente Anaya,+34803 494 039,cirinoherrera@example.net,2024-06-30
590,Palmira Rojas,Callejn de Begoa Cervera,+34 876110328,abilio22@example.org,2024-12-11
591,Eutropio Corbacho Hernando,Plaza Adoracin Ledesma,+34886687440,nicanorcarrasco@example.com,2024-07-17
592,Cipriano Mendoza Ortiz,Caada de Marcio Espejo,+34 725 37 73 71,noa44@example.org,2024-10-11
593,Clementina Castelló Rosell,Camino de Amalia Fuertes,+34737169646,jose-angelborrego@example.org,2024-07-09
594,Calixta Castelló Juárez,Avenida Isabela Diguez,+34 875 53 20 11,regulo42@example.org,2024-10-14
595,Mohamed Coca Alcolea,Vial Rodolfo Peir,+34 886 676 090,gerardofernandez@example.net,2024-09-30
596,África Teresita Donaire Ribas,Via Marcela Salazar,+34708 48 70 71,pepitoriquelme@example.com,2024-09-22
597,Tomás Higueras Carbonell,Caada Abilio Nogus,+34 985 31 77 84,albanotorrents@example.net,2024-11-06
598,Jose Ramón Alemany García,Via Ismael Manjn,+34 900 02 93 61,ccobo@example.org,2024-07-02
599,Lidia Blanca Pujadas,Avenida Dorita Palmer,+34 971 953 651,comasisabel@example.org,2025-01-28
600,Noa Domingo,Caada de Natalio Acero,+34821934417,selenaarellano@example.net,2024-08-21
601,Ciriaco Páez Jerez,Callejn Salvador Mart,+34 941 53 45 33,armandocortes@example.com,2024-11-24
602,Amor Rosado Andrés,Cuesta de Marcelo Viana,+34 700 07 39 66,florenciamorillo@example.com,2025-02-24
603,Jessica Villalba Alegria,Paseo de Sandalio lamo,+34 948 979 924,borja51@example.org,2025-03-29
604,Blanca Alberto Alcalde,Caada Esmeralda Alba,+34826 45 18 61,imeldaalfaro@example.com,2024-04-30
605,Basilio Cuéllar Sancho,Vial de Nydia Padilla,+34718 457 860,rsevillano@example.org,2024-07-17
606,Narcisa de Muro,Camino de Clemente Andres,+34874931302,serranojafet@example.com,2024-10-13
607,Kike Galván Girón,Plaza de Amrica Navarro,+34921 20 10 17,fausto49@example.org,2024-05-30
608,Marciano Pastor,Ronda Carmina Amaya,+34946 16 23 16,lisandro85@example.com,2024-06-13
609,Ana Baena Marco,Pasaje de Serafina Arregui,+34 803 408 138,josefacampoy@example.net,2025-04-29
610,Febe Acosta,Pasaje de Andrs Carmona,+34 721887984,pachecomarcia@example.net,2024-06-04
611,Carla Serrano Huerta,Urbanizacin de Eulalia Bustos,+34943221578,jaragon@example.net,2025-03-25
612,Cipriano Barros,Acceso de Mamen Cuadrado,+34824 609 283,perla26@example.org,2024-05-29
613,Federico Vara Somoza,Vial Salomn Velzquez,+34 972525158,recheverria@example.org,2024-09-15
614,Guiomar de Barriga,Camino Horacio Abascal,+34 875 19 57 11,pulidoroque@example.net,2024-09-12
615,Moreno del Palacios,Cuesta de Natalia Seco,+34 842876372,amada31@example.com,2024-11-21
616,Matilde Mendez Pujadas,Glorieta Josu Vias,+34944 46 60 91,umarquez@example.net,2024-12-25
617,Jennifer del Echeverría,Camino Pepito Fabra,+34 979994811,fito69@example.net,2024-12-20
618,Renata Cantero Iglesia,Cuesta de Ricardo Mgica,+34 902348872,jaenedu@example.net,2024-10-26
619,Efraín del Falcó,Camino Andrea Calderon,+34 737958037,gamezagapito@example.com,2024-10-10
620,Gaspar Jáuregui-Navas,Glorieta Dalila Quirs,+34847 41 60 20,knoriega@example.org,2024-07-09
621,Luis Gerónimo Girón Morcillo,Pasadizo Pepe Cerdn,+34 885 70 30 26,iniguezconsuela@example.net,2024-07-18
622,Isabela Berta Manso Carreño,Caada Leonor Correa,+34844633720,gervasiofabregat@example.com,2024-07-16
623,Yésica Corbacho Moya,Callejn Benito Donaire,+34 846687306,mateo85@example.org,2024-09-21
624,Anastasia Chus Alsina Galan,Callejn Rita Izaguirre,+34 803 80 07 68,ciriaco01@example.com,2024-05-26
625,Maximiliano Peinado Bru,Paseo de Josefina Serna,+34 848 139 841,tomasalozano@example.org,2025-03-27
626,Elba Torrent Noriega,Caada de Vera Estrada,+34 985 807 186,nvalls@example.net,2024-06-21
627,Jennifer Soler Carrasco,Rambla Diana Chaves,+34874 55 63 08,priscila74@example.net,2024-06-08
628,Modesta de Haro,Cuesta de Blanca Cuadrado,+34 741 602 408,feliciana53@example.net,2025-01-14
629,Jose Miguel Carnero Giralt,Avenida de Brunilda Coloma,+34 714 289 475,joveadolfo@example.org,2024-12-08
630,Maxi Montaña,Caada de Juliana Estvez,+34973942550,dmoliner@example.org,2024-10-15
631,Albina Planas Folch,Pasaje de Flavio Torralba,+34 900 599 632,atorrecilla@example.com,2025-02-24
632,Genoveva Daza,Plaza de Esperanza Pera,+34 977499890,condevictoria@example.net,2024-10-12
633,Flavia Ribera,Pasaje Cndida Granados,+34 979312437,edgar84@example.org,2025-01-19
634,María Fernanda Sala Ortiz,Urbanizacin Brgida Camino,+34 887 01 19 49,dieguezblas@example.com,2024-06-29
635,Lidia Bernad Sierra,Cuesta de Sosimo Corominas,+34845155718,vfabregat@example.net,2025-02-12
636,Andrés Felipe Cases Palomar,Vial Belen Alberola,+34 800481716,igelabert@example.org,2024-06-08
637,Leocadia Carreño Cazorla,Avenida de Adoracin Corts,+34726 964 963,hribera@example.com,2024-09-16
638,Leyre Iborra Benavente,Caada Serafina Lumbreras,+34 973 379 163,barrosolupe@example.com,2024-06-15
639,Joaquina Alvarado Ortuño,Plaza Sara Llanos,+34978 755 657,zcarranza@example.net,2024-05-06
640,Guiomar Eligio Ribes Vázquez,Calle de Beln Gil,+34803 52 65 01,ascension16@example.net,2024-10-09
641,Sol Boix Villena,Vial de Bonifacio Echeverra,+34920050080,canastito@example.com,2024-05-31
642,Pili Marqués Ochoa,Caada de Ovidio Caldern,+34847 444 756,morantejesusa@example.net,2024-11-23
643,Espiridión Santamaria Borrell,Ronda Ester Palmer,+34 844 23 75 48,lara88@example.net,2025-01-01
644,Efraín Gallardo Giner,Urbanizacin Juan Nevado,+34 927752441,moyadora@example.net,2024-07-13
645,Hilario Prada Cano,Acceso Salvador Solano,+34 866 977 658,vsantos@example.org,2025-04-25
646,Rafael Losada Piquer,Caada de Julio Csar Mulet,+34 983 42 56 54,albertvalenzuela@example.com,2024-09-25
647,Clotilde Polo,Calle Fulgencio Aguilar,+34 869673192,farremanuela@example.net,2024-11-06
648,Lina Estrada Losa,Calle de Pacfica Aguilar,+34 966625045,fojeda@example.com,2024-06-06
649,Mariano Cabanillas Pagès,Rambla de Celia Blanco,+34902 90 45 13,luis-miguel94@example.com,2024-11-07
650,Haroldo Avilés,Caada Esteban Dvila,+34942 761 486,conradotorrens@example.net,2025-02-20
651,Viviana Cabello Cerro,Alameda Nicodemo Lorenzo,+34974 50 81 58,molinerovidio@example.com,2025-04-21
652,Bonifacio Belda Vall,Vial Rosendo Pereira,+34 945 45 35 49,campsvasco@example.com,2024-12-04
653,Olimpia Lara Peralta,Ronda de Alfredo Mir,+34879 651 229,borjaadelardo@example.org,2024-11-03
654,Rubén Prado,Caada de Francisco Macas,+34 826 313 664,nfuentes@example.com,2024-11-27
655,Bernardino Ferrández,Cuesta de ngela Riera,+34923 93 52 02,juan-antonio83@example.com,2025-02-23
656,José Ángel Pedrero Soto,Glorieta de Juan Sainz,+34971445949,horacio49@example.org,2024-12-11
657,Telmo Fábregas Arévalo,Glorieta de Juliana Matas,+34 883791811,romerobrunilda@example.org,2024-12-16
658,Flor Collado-Sobrino,Callejn Alejandra Pez,+34882 260 086,lamasprimitivo@example.org,2024-08-02
659,Epifanio Arribas Codina,Pasadizo de Anastasia Sevilla,+34901533078,reigroman@example.org,2024-05-01
660,Gerónimo Manrique Ayala,Pasaje Angelino Escobar,+34 879 10 79 79,nmontes@example.org,2025-04-29
661,Vanesa Pintor Melero,Avenida Ani Echevarra,+34876084087,sfeijoo@example.net,2024-09-27
662,Fátima Gutiérrez Verdugo,Via Mauricio Sastre,+34871 614 432,aurea29@example.net,2024-08-06
663,Sabas Juan Barceló,Via Merche Pozuelo,+34 972 302 723,evaristoroda@example.net,2024-05-26
664,Feliciana Campos Badía,Urbanizacin Albina Uribe,+34887 74 49 42,qcazorla@example.net,2024-05-22
665,Reinaldo Sierra,Avenida de Adora Acero,+34 886 029 785,rayareyes@example.com,2025-04-29
666,Florentina Llamas Fajardo,Plaza de Eliana Miguel,+34845 37 52 49,juan-carlos73@example.com,2024-07-13
667,Nereida Verdú Cózar,Acceso de Abraham Donaire,+34902 202 921,sanchosalom@example.net,2024-08-01
668,María Cristina Torrents,Pasaje de Abraham Valenzuela,+34984008809,irene80@example.net,2024-08-29
669,Carolina Sanmartín Bastida,Urbanizacin de Claudia Otero,+34 820843611,gabrielabenet@example.org,2024-07-01
670,Dorotea Yolanda Sánchez Yuste,Pasaje Galo Ortega,+34846498755,ildefonso45@example.org,2025-01-11
671,Ale Che Cornejo Falcó,Vial de Ani Prieto,+34 846183928,cvaquero@example.net,2025-02-25
672,Herminia Fabiola Tirado Alvarez,Pasaje Noa Saura,+34 981 414 503,pinainmaculada@example.org,2025-01-20
673,Toni Paz Gámez,Pasadizo Mar Arnau,+34 924927948,sfuente@example.com,2024-08-26
674,Régulo Ezequiel Salcedo Palomar,Calle de Lara Pujol,+34976 04 78 87,cerdanmoreno@example.net,2025-02-19
675,Gracia Mendez,Plaza de Alondra Vergara,+34 974 307 615,vpons@example.org,2025-02-16
676,Feliciano Muro Cardona,C Eli Manrique,+34879 616 200,luisa06@example.net,2024-11-24
677,Trini Giralt Luís,Alameda de Anastasia Lara,+34 975 52 78 59,mmoles@example.net,2024-10-20
678,Roberta Vendrell Jover,Rambla de Che Salazar,+34 944 910 000,nerea42@example.com,2025-02-08
679,Reynaldo Mateo-Menéndez,Calle Josu Carranza,+34800 210 467,victor-manuelcerezo@example.net,2024-11-24
680,Benjamín del Valenzuela,Avenida de Eugenio Bartolom,+34 980 31 37 05,javi62@example.org,2024-07-16
681,Yésica de Asensio,Urbanizacin Purificacin Vall,+34828317626,crespoadrian@example.net,2025-04-19
682,Abraham Corominas Lladó,Vial Gastn Chacn,+34 876 906 139,parraolga@example.net,2024-09-12
683,Silvio Cayetano Crespo Arnau,Pasadizo de Pastor Morillo,+34 828 076 313,abenito@example.org,2024-08-09
684,Leandra Valero Paz,Avenida de Luciano Bermudez,+34 979 22 50 05,viviana81@example.net,2025-02-10
685,Lalo Olmedo,C de Vidal Morell,+34742 65 99 36,jose36@example.org,2025-02-18
686,Eloy Delgado Prado,Via de Eligio Abella,+34 881531822,maytepi@example.com,2024-11-12
687,Narciso Alsina Alcaraz,Pasaje Rosaura Becerra,+34845314404,dorasaenz@example.net,2025-02-02
688,Germán Villaverde Vilaplana,Camino de Bernab Pieiro,+34988 491 163,victor05@example.net,2024-11-29
689,Amor Toro-Noriega,Via de Loreto Romero,+34900 339 165,luis-miguelalvarez@example.net,2024-09-24
690,Saturnina Fabregat Cordero,Ronda de Eligia Gutirrez,+34 977 817 496,consuelo50@example.com,2024-10-19
691,Arcelia del Mayol,Rambla de Ezequiel Casanovas,+34827135612,quintananicolasa@example.net,2024-09-30
692,Brunilda Casas Puga,Via de Vicenta Gracia,+34733 221 925,asenjorafaela@example.com,2024-08-06
693,Ruperta Sabater Gimeno,Pasadizo Morena Mancebo,+34874923306,soledadcamps@example.com,2024-12-20
694,Teófilo Chucho Daza Alberto,Glorieta de Petrona Parejo,+34 969836238,velascocasandra@example.org,2024-10-09
695,Saturnino de Arnaiz,Plaza Lupe Vega,+34 806 528 347,mercedesacosta@example.com,2024-06-28
696,Domingo Hernández Tomas,Callejn de Claudio Cases,+34878139668,ealvarez@example.net,2024-05-31
697,Rolando Valcárcel Aguado,Ronda Ignacia Dez,+34847 37 14 12,bgamez@example.net,2024-11-29
698,Javiera Soto Vilalta,Paseo de Calixto Diego,+34848647266,marisa57@example.com,2024-10-05
699,Ruben Pareja Cáceres,C de Donato Parejo,+34986760199,kescudero@example.com,2025-01-16
700,Macario Godoy Bauzà,Urbanizacin Mariano Galvn,+34 813 53 52 62,hozcristian@example.org,2025-01-27
701,Rafaela Crespo Milla,C de Maxi Agullo,+34823141627,fitonieto@example.org,2025-01-21
702,Yésica Agustí Alcázar,Avenida de Nico Pinto,+34 883518559,bernalpascuala@example.net,2024-11-07
703,Isabel Vega Pinilla,Rambla de Emilia Chamorro,+34 828995884,atilio16@example.net,2025-01-19
704,Miriam de Oliver,Paseo de Consuelo Royo,+34 948 022 889,iprieto@example.com,2024-07-15
705,Nieves Caparrós Viñas,Avenida de Yaiza Lastra,+34985 641 622,pbeltran@example.org,2024-06-17
706,Vasco Samuel Riba Millán,Glorieta Adelaida Bertrn,+34 926116880,teoboada@example.com,2024-07-22
707,Kike Vera Morante,Alameda de Renata Salv,+34 821 301 028,inigoanaya@example.com,2025-04-13
708,América Manso Solé,Vial de Emma Carreo,+34848 509 974,annacepeda@example.com,2024-07-18
709,Jose Ignacio Serrano Mateo,Camino de Ale Silva,+34921668008,benetjoaquina@example.org,2024-12-13
710,Silvio Sastre Portero,Camino de Lourdes Fiol,+34921 378 623,ferminheras@example.net,2024-11-07
711,Bernardino Leon Higueras,Plaza Olga Sandoval,+34807 142 567,rtorrens@example.org,2025-02-25
712,Eva Teruel,Urbanizacin Nadia Ballesteros,+34901 26 04 77,alvaro01@example.com,2025-02-06
713,Diego Guillén Tenorio,Callejn de Febe Murcia,+34 843 65 94 14,dionisioverdu@example.org,2024-06-25
714,Soledad de Olivares,Via Rosala Feijoo,+34 874 18 60 10,hurtadomercedes@example.com,2024-12-25
715,Febe Asunción Crespo Casanovas,Cuesta Mara Beln Murcia,+34887102602,pgarrido@example.com,2025-01-22
716,María Belén Marcos Mate,Caada de Cirino Acosta,+34943 445 398,garciacipriano@example.net,2025-01-08
717,Edelmiro Comas,Acceso Quique Mateo,+34 902788599,nrequena@example.net,2024-12-03
718,Jose Miguel Canals Garrido,Rambla de Odalys Cantero,+34 872 30 11 39,maristela83@example.com,2024-08-31
719,Noé Vilar-Márquez,Pasaje Po Pez,+34 944363204,arandainmaculada@example.net,2024-11-04
720,Iker Daniel Codina Olivera,Pasadizo de Narcisa Caas,+34720 462 937,salescatalina@example.net,2024-10-05
721,Noemí Adadia Zaragoza,Via de Adelia Cabo,+34910 142 243,almagrojesus@example.com,2024-10-17
722,Morena Ocaña Azcona,Calle Duilio Girona,+34982 45 93 92,kvelasco@example.org,2024-12-16
723,Moisés Albano Espinosa Acuña,Ronda de Jorge Morales,+34800 07 68 08,carmonacleto@example.net,2025-03-07
724,Amando Luís Araujo,C Javi Campos,+34 837379614,vito13@example.org,2024-07-15
725,Trinidad Espinosa Oliver,Via Lzaro Ledesma,+34 986 460 232,arieldelgado@example.com,2024-10-03
726,Julián Ferrán Contreras,Vial Juan Luis Linares,+34 841 45 75 18,nferrer@example.com,2024-06-13
727,René Mena,Plaza de Anbal Cadenas,+34 846819427,ppaez@example.com,2025-03-27
728,Anselmo Sanjuan Pineda,Cuesta Fulgencio Pombo,+34 976 69 51 72,lopezanastasia@example.com,2024-11-29
729,Magdalena Guijarro-Ocaña,Glorieta Armida Ripoll,+34988321883,juan-franciscoangel@example.org,2024-11-09
730,Edmundo Barceló-Sierra,C de Adela Borrell,+34 941 52 24 96,vmillan@example.org,2024-11-05
731,Julieta Lorena Araujo Cabello,Caada Len Gallego,+34 981 704 859,salomeamat@example.net,2025-04-24
732,Obdulia Pla Bustos,Callejn Corona Arribas,+34 807 680 005,morajeronimo@example.com,2025-02-10
733,Custodia Eva María Barrios Gomila,Alameda de Gema Boix,+34880 28 61 53,severino88@example.net,2024-10-30
734,Ágata Agustí Arribas,Cuesta gueda Colom,+34902577627,ceciliogalan@example.net,2024-09-30
735,Cipriano Almazán,Pasadizo Josefa Gallego,+34984 309 422,carrionsusanita@example.com,2025-04-22
736,Leire Narcisa Elorza Sotelo,Caada Hugo Lamas,+34828265435,lladosabina@example.org,2025-04-05
737,Guadalupe Jenny Conde Arregui,Pasadizo Aurelia Bonet,+34 820 85 82 03,aznaramancio@example.com,2025-03-03
738,Pánfilo Vilaplana-Iniesta,Ronda de Sosimo Senz,+34 872108449,albano58@example.com,2024-12-10
739,Severo Calatayud Ponce,Caada de Mario Camacho,+34872 85 68 28,damian16@example.net,2025-02-21
740,Florentina Josefina Aller Blasco,C Lope Jurado,+34 975420496,juan51@example.org,2025-03-14
741,Juliana Salmerón Guardia,C Telmo Ros,+34 706099705,magdalena71@example.com,2024-09-04
742,Segismundo Cuenca-Mate,Vial Ins Almeida,+34976481218,eusebioaguirre@example.com,2024-06-23
743,María José Oller Sánchez,Camino de Mara Cristina Lasa,+34 823 41 22 49,fusteragapito@example.net,2025-01-12
744,Gloria Arana Bayo,Pasadizo de Primitivo Fortuny,+34825 854 638,armida12@example.net,2024-12-31
745,Pancho Mancebo-Dominguez,Ronda de Cecilio Hidalgo,+34 749915902,ceferino70@example.org,2025-04-04
746,Isabel Silva Artigas,Callejn Ricardo Rodrigo,+34803 519 416,xamador@example.org,2024-05-26
747,Eugenia Montaña,Camino Tatiana Cabanillas,+34 972580771,labad@example.com,2025-03-15
748,Paola Cecilia Barriga Villa,Cuesta Plinio Caballero,+34972 561 325,ymonreal@example.com,2025-04-17
749,Conrado Villalobos Expósito,Camino de Jacobo Lloret,+34951 88 40 57,jose-marical@example.com,2024-11-30
750,Lilia Cabañas Ortega,Cuesta de Adela Moll,+34888796330,igrande@example.org,2025-02-08
751,Javier Aragón-Barceló,Paseo de Beln Arcos,+34 824033171,rosalinda25@example.org,2025-02-21
752,Marciano Andrade,Ronda Plinio Borrs,+34 843 777 294,adelianadal@example.org,2024-08-31
753,Cruz Pinedo-Valverde,Ronda de Amaya Leon,+34 944 694 170,camila78@example.net,2024-10-01
754,Donato Leonardo Corral Garcia,Ronda de Aitor Carnero,+34 883 77 30 04,renatahuerta@example.org,2024-06-05
755,Jose Manuel Rincón Bertrán,Alameda Gervasio Urrutia,+34847 962 717,bilbaoadelaida@example.com,2024-09-22
756,Clara Hernando Albero,Glorieta Anastasia Guardiola,+34881160646,amarilisarnal@example.com,2025-01-06
757,Raimundo de Palmer,Vial de Vernica Carballo,+34 862 212 724,mariana56@example.net,2024-05-19
758,Goyo Ferrera Abellán,Via Purificacin Arranz,+34834643869,montoyavenceslas@example.net,2025-02-01
759,Corona Vilar Salas,Acceso Tania Priego,+34971 65 20 03,pepepellicer@example.com,2024-09-08
760,Godofredo Tomás,Glorieta de Concha Solano,+34942 617 605,baldomero12@example.net,2024-09-30
761,Josefina Sol Giralt Alegria,Glorieta Adolfo Pou,+34 947 14 23 65,jose-luis31@example.com,2024-08-07
762,Emelina Catalán Nogueira,Cuesta Glauco Gomis,+34 828 55 58 62,mendozacayetana@example.org,2024-10-16
763,Cándida Franco Escrivá,Pasaje Cipriano Casanovas,+34979 651 785,lupevalverde@example.org,2024-08-17
764,Eulalia Julia Ballesteros Bastida,Cuesta Lino Piol,+34 926 809 776,lorenza50@example.com,2024-05-04
765,Florentino Fortuny-Bosch,Caada de Gloria Borja,+34871 556 385,albacatala@example.net,2025-03-25
766,Petrona Mateos,Vial de Arsenio Sarabia,+34 728 36 87 57,kikechaparro@example.com,2024-09-13
767,Tadeo Sotelo Roura,Caada Faustino Muro,+34944 465 018,wcamino@example.net,2025-01-07
768,Ildefonso Nebot-Peiró,Avenida de Demetrio Ferrera,+34941 05 28 45,trinidadguzman@example.com,2024-06-17
769,Marisa Sedano Tomas,C de Candelario Soto,+34 878507160,maria-belengras@example.net,2025-04-08
770,Alexandra de Carpio,Vial de Leoncio Pereira,+34 849 92 95 77,bermejoamparo@example.com,2024-05-30
771,María Pilar Ripoll Guillen,Callejn de Teodosio Sez,+34 888 83 59 90,vanesa64@example.net,2024-09-13
772,Eloísa Estrada Vilalta,Paseo de Rosalinda Crespi,+34825 36 94 86,bbaena@example.com,2024-06-09
773,Rosa Cerdá,Camino Luis Salas,+34987919878,fernando94@example.org,2024-06-06
774,Jesús Pulido,Avenida de Apolinar Pinilla,+34846 314 438,rosalinahurtado@example.org,2024-06-30
775,Gerardo Torrecilla-Briones,Pasadizo Encarnita Guillen,+34 823 52 84 45,bonifacio44@example.net,2025-01-23
776,Sancho Espinosa Bernad,Caada de Perla Gascn,+34873 32 27 14,campillomariano@example.net,2025-04-28
777,Lisandro Herranz-Arranz,Calle Galo Morn,+34849 457 718,borjafrancisco@example.com,2024-07-29
778,Mónica Menendez Pazos,Avenida de Crescencia Fabregat,+34747 169 530,graciaveronica@example.com,2024-11-15
779,Florencia Prado Vallés,Alameda Flora Caellas,+34872 320 656,jesusa05@example.com,2024-09-24
780,Celso Carballo-Alberto,C de Blas Crdenas,+34981 30 83 30,emiliano05@example.org,2025-02-23
781,María Carmen Gabriela Mate Viñas,Callejn de Cebrin Pou,+34874619073,yjover@example.org,2024-06-08
782,Severo Herranz Bosch,Callejn de Fulgencio Valcrcel,+34 945511396,manuelluz@example.net,2024-06-10
783,Elisabet Mariño,Ronda Mara Pilar Codina,+34 800 573 384,hbarba@example.net,2024-10-06
784,Carmen Cárdenas Aparicio,C Danilo Zamorano,+34922 45 94 19,qrios@example.com,2025-03-19
785,María del Galván,Cuesta de Pastora Bernat,+34980 58 72 95,sebastianpalma@example.com,2025-01-22
786,Isidora Cepeda Villa,Pasaje de Eugenia Angulo,+34 849 330 953,alsinamodesta@example.com,2024-10-26
787,Sigfrido Torrent-Páez,Glorieta de Alba Bustamante,+34974 195 750,apolonia52@example.com,2024-12-27
788,Viviana Goñi,Pasaje de Cruz Alcolea,+34 948718278,barredamerche@example.org,2024-09-20
789,Atilio Pepito Huguet Cerro,C Trinidad Abelln,+34 747 44 99 66,alba35@example.org,2024-11-07
790,Aitana del Egea,Vial de Toni Pombo,+34880 09 92 72,nluis@example.com,2025-04-19
791,Felicia Paula Sola Luna,Vial Alexandra Ramos,+34984 193 333,olallamercader@example.org,2024-07-17
792,Corona Peña Cervantes,C de Jose Ribas,+34 849925452,dbustamante@example.net,2024-08-10
793,Patricia Barrios Palomar,Caada Manuel Pons,+34878885258,plaursula@example.net,2024-08-31
794,Anita Bernal Calvet,Via Cndida Coronado,+34 820 37 24 57,granadoscesar@example.com,2025-01-04
795,Itziar Alfonso-Marcos,Plaza Luca Agullo,+34 983 297 636,rosalindamarti@example.com,2025-03-29
796,Mayte Perla Saura Lopez,Alameda de Miguel Gallardo,+34943876005,slinares@example.org,2025-01-23
797,Elena Saldaña Almeida,Ronda de Amando Ochoa,+34823 65 91 76,btolosa@example.org,2025-04-20
798,Visitación Hervia,Urbanizacin Rosala Corbacho,+34852 62 54 50,cortesmarco@example.org,2024-12-24
799,Ani Solera Fuster,Vial Lorenzo Hervia,+34820 148 929,horaciolasa@example.com,2024-12-31
800,Lucas Atienza Dávila,Glorieta de Pepita Llorens,+34800432112,barrigaesther@example.org,2024-07-08
801,Sarita Cabello Ariño,Paseo de Emperatriz Baeza,+34987 02 73 05,ruben59@example.org,2024-10-25
802,Yago Barco Abad,Avenida Silvio Coloma,+34873 94 19 69,canorenato@example.net,2025-02-02
803,Filomena Uría,Rambla de Fabiola Julin,+34883 870 213,valleencarnacion@example.net,2024-10-12
804,Lourdes Bertrán Carrasco,C de Diana Alegria,+34 922 026 404,wpatino@example.net,2025-01-27
805,Calisto Bustos,Camino de Hernando Cantero,+34900 12 54 95,rosario60@example.net,2025-04-09
806,Ezequiel Viña Sanabria,Alameda de Anastasia guila,+34886 556 711,quirinoarias@example.com,2024-12-24
807,Ágata Falcó Arana,Caada de Baudelio Osorio,+34946482346,jimenezelisa@example.org,2024-08-30
808,Jimena Saura Benavides,Alameda Jeremas Pinedo,+34948 97 78 08,sanzclementina@example.net,2024-08-05
809,Florentina Pozo-Daza,Acceso Romn Lloret,+34 947 61 42 68,godofredoarranz@example.net,2025-03-04
810,Heliodoro Sobrino-Casares,Rambla Ale Urrutia,+34 847 57 06 41,patricioalberdi@example.com,2024-10-03
811,Edgardo Marcio Franch Arellano,Calle de Mximo Mrmol,+34 872 365 947,emmamanzanares@example.net,2024-09-10
812,Feliciana Tomás-Arenas,Vial de Lola Mndez,+34740 162 381,estefania46@example.com,2024-07-11
813,Leoncio Calderon-Naranjo,Paseo de Erasmo Fonseca,+34982404020,climacoolmedo@example.com,2025-02-22
814,Melisa Perera Rius,Rambla Edelmiro Lucena,+34 921777283,molinsotilia@example.net,2024-11-25
815,Amalia Ayuso Fernández,Rambla Heliodoro Milla,+34845 393 069,santossoler@example.org,2024-11-21
816,Jose Angel Amor,Via Daniela Camps,+34 923715105,ruyzurita@example.org,2025-01-30
817,Pancho Ayala Viana,Paseo de Lupe Nicols,+34 947 922 189,severinollano@example.com,2024-10-04
818,Fabián Carro-Mendoza,Pasaje Consuela Jurez,+34 886845989,fabranayara@example.net,2024-09-02
819,Noelia Gallego Martín,Calle Evelia Ibaez,+34848983099,barrigaluz@example.net,2025-01-26
820,Arcelia Aroca Saldaña,Avenida de Nayara Riquelme,+34981 120 193,fajardomaxi@example.com,2024-12-27
821,Edgardo Simó Bou,Pasadizo Ana Sofa Perea,+34717644501,kripoll@example.org,2025-03-10
822,Carlos Roura Dominguez,Camino Haroldo Calleja,+34843928843,manolo76@example.com,2024-08-31
823,Pancho Juan Antonio Galván Maestre,Paseo Albino Isern,+34 881 87 22 39,zmarin@example.net,2025-01-18
824,Remigio Mayoral Puente,Paseo Andrs Marin,+34746871531,vpazos@example.net,2024-04-30
825,Paola Mayoral Ortuño,Plaza de Trinidad Andrade,+34975382267,nazaret57@example.net,2024-11-25
826,Mirta Vilar Palomar,Acceso de Rosendo Arnal,+34 824083677,buenaventura74@example.net,2025-04-01
827,Ángel Clemente-Rueda,Calle de Juan Manuel Olivares,+34880417939,sblanco@example.org,2024-11-01
828,María Dolores Eligia Collado Ponce,Camino de Rosalina Sierra,+34 877 40 58 03,rdonaire@example.org,2024-09-05
829,Isaías Olivera-Arroyo,Callejn de Heliodoro Julin,+34 878178619,batallavirgilio@example.net,2024-09-03
830,Asdrubal Lorenzo Bonet Giralt,Camino de Purificacin Manrique,+34980832058,amparo77@example.org,2025-03-29
831,Jenaro del Ferrández,Vial Ale Campo,+34981 29 81 72,aranzazuperea@example.com,2024-08-08
832,Ignacia Izaguirre Morata,Via Micaela Alegre,+34 886938207,vrosales@example.org,2024-12-25
833,Raquel Romero Uriarte,Caada de Fulgencio Cabrero,+34 883 28 91 50,inocenciorecio@example.com,2024-10-24
834,Ruperto Montesinos Lozano,Calle Fausto Machado,+34 901 33 22 63,gabrielaegea@example.org,2025-02-04
835,Paula Esther Huerta Fabregat,C Micaela Mar,+34980 964 737,eli77@example.net,2024-09-10
836,Angelino Montserrat Escrivá,Avenida Maricruz Tamayo,+34874258477,portaprimitivo@example.com,2024-08-16
837,Rosalía Ramírez Zabaleta,Avenida de Angelita Villar,+34 984490504,trinitorrecilla@example.com,2025-03-10
838,Primitiva Soria,Cuesta Teodoro Espaa,+34827 56 76 37,pineiroheriberto@example.org,2025-02-21
839,Petrona Artigas Ródenas,Calle Lucio Cantero,+34882 09 87 59,franciscomaria@example.com,2024-09-10
840,Eliana Mateu Sala,Glorieta Teo Cruz,+34 923 106 840,eusebia41@example.org,2024-05-14
841,Benigna del Benavides,Alameda de Amado Font,+34 856 981 812,joel88@example.org,2024-11-30
842,Andrea Pol Jurado,Avenida de Guiomar Carranza,+34 841 81 03 81,abrilcharo@example.net,2024-08-16
843,Elba Ripoll Cañete,Vial Carmelita Blazquez,+34822065867,kbarriga@example.com,2024-10-21
844,Chema Alsina Alcázar,Calle de Ana Sofa Pol,+34 974 145 694,maritacomas@example.org,2024-08-10
845,Edelmiro Gómez-Nebot,Avenida ngrid Iglesia,+34 849 87 63 74,melania16@example.net,2024-08-09
846,Martirio Fabra,Pasadizo de Raimundo Zurita,+34 942 890 018,urio@example.org,2024-12-31
847,Luisa Ferreras Flores,Glorieta Luis ngel Jerez,+34 984792583,sacristanselena@example.net,2024-09-25
848,Maite Albero Perales,Paseo de Mamen Mancebo,+34 875 06 45 29,bertranlupita@example.com,2025-04-29
849,Antonia Linares Briones,Alameda Maximiliano Vega,+34844186444,gordillociro@example.org,2024-05-13
850,Ramiro Mariño,Pasaje Ariel Gallart,+34925 389 859,bermudezalejandra@example.com,2024-11-17
851,Florencia Ferrando Salom,Avenida gata Bar,+34977 845 639,alberoflorencia@example.net,2024-12-10
852,Cándida Rico Rubio,Rambla de Borja Pont,+34 942 95 36 21,agapitoescolano@example.org,2024-05-29
853,Eugenia Heras-Aznar,Caada de Felisa Cueto,+34 887424742,caboplacido@example.org,2025-01-25
854,Ámbar Gomez Cantero,Urbanizacin de Eugenia Villalba,+34860 81 36 41,maximinomas@example.org,2025-01-14
855,Áurea Linares-Prat,Acceso Brbara Llorens,+34 850 662 440,victor50@example.com,2025-03-24
856,Alfonso Osuna Izaguirre,Plaza Sebastin Noguera,+34975 640 149,gracianosomoza@example.org,2024-08-27
857,Cristina Cordero-Escudero,Calle de Ascensin Correa,+34 874 96 93 72,jcanals@example.com,2025-03-07
858,Maximiano Monreal Lucena,Urbanizacin Marita Heredia,+34845 539 800,bpelaez@example.net,2024-08-21
859,Ana Belén Benavides Castañeda,Camino de Leonor Vendrell,+34927983321,jose46@example.org,2024-09-29
860,Amador Tejada Barranco,Caada de Loreto Bou,+34 946 088 486,gracianabriones@example.com,2024-11-29
861,Augusto Calzada Pozo,Plaza Jose Carlos Amat,+34 972 83 92 72,nvalenciano@example.com,2024-11-19
862,Jimena Campoy Aguado,Acceso Mximo Grate,+34 920 13 99 79,nicanorgomez@example.com,2024-10-09
863,Edmundo Martorell,Vial de Yssica Reina,+34806880119,zmendizabal@example.com,2024-12-30
864,Custodio Cañizares Escamilla,Rambla Felicidad Sebastin,+34807 92 99 15,espiridionaguila@example.org,2025-02-01
865,Clarisa Trujillo Aguilar,Camino Rgulo Mrquez,+34 949 101 644,cuervocarmelo@example.com,2025-01-15
866,Dimas Salas Sabater,Ronda Mara Arnal,+34920 283 562,albertmanrique@example.com,2024-09-28
867,Juan Manuel Camacho Cueto,Vial de Maxi Alemany,+34 944 835 049,aitor04@example.org,2024-11-03
868,Amalia del Montalbán,Paseo Albano Zaragoza,+34845 25 77 79,usimo@example.org,2025-01-20
869,Roque Mariño Mas,Via Elisabet Fuentes,+34 846 83 28 46,fabricio77@example.org,2025-04-22
870,Félix Eutimio Alberto Cañizares,Camino Xavier Casanova,+34 926 07 60 80,eugeniojover@example.com,2025-04-02
871,Celso de Cornejo,Cuesta de Gracia Toro,+34 948965702,bcanizares@example.org,2024-09-12
872,Estrella Goñi Elorza,Plaza Amparo Solera,+34 937 135 850,paezcecilia@example.com,2024-06-11
873,Trinidad Cañete Codina,Alameda de Amor Romero,+34920 14 44 07,deborasolis@example.org,2025-01-06
874,Curro de Méndez,Plaza de Anita Salom,+34 948901220,americarueda@example.com,2025-04-14
875,Encarnación Quiroga Mayoral,Plaza Cndido Nogus,+34879 857 258,pujolemilio@example.net,2024-07-13
876,José María Lucio Real Zabala,Cuesta Jordi Mata,+34988 73 76 68,fledesma@example.com,2024-10-14
877,Sabina del Pina,Glorieta de Anastasio Fras,+34 803617812,croman@example.net,2025-03-21
878,Salomón Roselló-Giralt,Urbanizacin Montserrat Hervs,+34 725221814,ajaen@example.net,2024-10-04
879,Cintia Girona Puerta,Pasaje Teodora Talavera,+34900679245,calixtaalsina@example.com,2025-04-10
880,Albano Chacón Dominguez,Acceso Zoraida Ballester,+34879033816,codinarita@example.org,2024-08-24
881,Balduino Salgado-Cabeza,C de Nlida Bermudez,+34 948 85 83 52,pedrosajose-carlos@example.org,2024-08-17
882,Horacio Cámara Olivera,Caada de Eutropio Prats,+34 887 89 05 55,zaida34@example.org,2025-02-25
883,Soraya Bernad Ortuño,Avenida de Cipriano Bilbao,+34 887 276 455,apolonia89@example.net,2024-08-13
884,Inés Alcántara Viana,Callejn Gloria Sevillano,+34 884 99 44 06,samu38@example.net,2024-12-23
885,Cruz Lorena Casas Canales,Caada de Vencesls Castilla,+34922006468,friaselodia@example.net,2024-07-16
886,Jacobo Garay Báez,Acceso Jose Miguel Bayona,+34847 28 50 61,noearoca@example.com,2025-03-05
887,Yaiza Casanova Arribas,Urbanizacin Adriana Cullar,+34 974784357,leocadio56@example.org,2024-06-04
888,Dan Gordillo-Muro,Urbanizacin de Tatiana Manrique,+34879296037,maria-belen51@example.org,2024-09-30
889,Teodosio Perea Jódar,Urbanizacin de Amarilis Exposito,+34 921 850 744,arielzamora@example.org,2024-06-22
890,Xavier Sierra-Cuadrado,Cuesta de Nazario Bayn,+34 986 619 843,yferrandez@example.org,2024-07-09
891,Teodosio Ropero Lucena,Paseo de Julieta Berrocal,+34875 85 94 84,duenasjose-antonio@example.net,2024-07-20
892,Paca Guillen Ribera,C de Marc Mulet,+34848 46 92 03,maxi57@example.net,2024-12-14
893,Lola Manuela Pedrero Calvet,Vial de Simn Herrero,+34 823572465,casanovafulgencio@example.org,2024-07-12
894,Gema Vallejo Alvarado,Pasaje Candelas Querol,+34 803 123 377,scanas@example.net,2024-07-28
895,Carmina Noguera Robledo,Acceso de Domitila Barco,+34980 13 68 16,vicentecuenca@example.org,2024-06-10
896,Ainoa Gema Navas Sevilla,Rambla de Jennifer Orozco,+34880279695,itenorio@example.net,2024-12-04
897,Lola Francisco,Avenida de Elisabet Correa,+34 986885214,marianelaocana@example.org,2024-06-14
898,Alicia Esteve Gual,Rambla Dimas Huerta,+34 877 234 977,ereguera@example.com,2025-02-28
899,Gerardo del Rodriguez,Via de Aitana Asensio,+34878653272,franciscopintor@example.com,2024-07-19
900,Amando de Toro,C Dani Correa,+34 981 18 15 37,eusebio96@example.org,2024-12-11
901,Juan Bautista Agustí-Pineda,Avenida Amando Losada,+34876 52 39 37,ocanellas@example.net,2024-06-21
902,Victoria Puig,Caada de Bernab Ferrndez,+34 873 23 26 21,pfarre@example.net,2024-05-05
903,Albino Iñiguez Arranz,Plaza de Evangelina Crdoba,+34807 13 07 10,graciano23@example.com,2024-10-14
904,Abraham Valenciano Sáez,Pasadizo Jonatan Romn,+34 718 882 112,hoyosisaias@example.com,2025-01-21
905,Yésica Asenjo Velasco,Cuesta de Duilio Rovira,+34902 73 51 90,rcamps@example.net,2024-10-07
906,Filomena Mir Pacheco,Camino Anna Cspedes,+34 980024497,gtorre@example.com,2024-11-06
907,Alicia Hernandez Llorente,Callejn Eric Valcrcel,+34 922140076,galianoluciano@example.org,2025-03-08
908,Aureliano Herranz Cano,Acceso Juan Luis Lerma,+34 925 012 347,maria-luisavilanova@example.com,2024-05-31
909,Rosenda de Coca,Acceso Hiplito Guilln,+34 947121231,graciano31@example.net,2024-11-09
910,Edgardo Pereira Losa,Urbanizacin Ale Bejarano,+34842647162,davilaesperanza@example.org,2024-08-01
911,Lara del Portero,Caada de Yolanda Tom,+34976455494,candidalledo@example.com,2024-09-23
912,Ligia Cerro Bas,Camino Obdulia Barrera,+34 888921456,higuerassimon@example.org,2025-02-21
913,Dimas Plácido Pineda Herrero,Alameda de Nando Daza,+34920 78 12 11,boadateresita@example.net,2024-08-29
914,Eutropio Ordóñez-Solera,Plaza de Hector Verdugo,+34 957 39 52 65,luisolegario@example.net,2025-01-14
915,Joel Montoya Donoso,Callejn de Herminio Acevedo,+34876118547,eliseo61@example.net,2025-04-27
916,Jacinto Castañeda Merino,Plaza de Elba Jurado,+34833 979 637,rodrigoaraujo@example.net,2025-02-22
917,Aitor Nogués Menéndez,Rambla Virginia Vergara,+34881 404 767,antonio13@example.com,2024-11-02
918,Casemiro Serra Lucas,Alameda de Pepita Sols,+34981 803 990,kguerra@example.net,2024-05-05
919,Ceferino Virgilio Recio Doménech,Paseo de Flor Machado,+34 985 637 859,pascuala62@example.net,2025-04-30
920,José Mari Ríos Ramón,Alameda de Clmaco Ortega,+34 987 195 409,wllabres@example.net,2024-05-07
921,Pablo de Giralt,Pasadizo de Tecla Brcena,+34 844 503 458,segismundo07@example.com,2024-11-04
922,Nidia Benitez Fábregas,Urbanizacin de Salud Noguera,+34845 51 10 30,menendezpaco@example.com,2024-11-22
923,Borja Samuel Castelló Sáez,Camino de Begoa Almeida,+34872406882,sebastian65@example.com,2024-07-31
924,Nereida Gámez Borrás,Paseo de Agapito lamo,+34953 34 37 33,leandro60@example.com,2025-04-17
925,Nieves Ibarra Rodríguez,Pasadizo de Abilio Parra,+34 844499310,itome@example.net,2025-01-05
926,Jesús Rufino Leon Calderon,Vial de Sosimo Crespi,+34 825 226 443,cornelioarrieta@example.net,2024-08-08
927,Angelino Viña Catalán,Caada de Marta Parejo,+34 718482941,kbenet@example.net,2024-09-02
928,Bernarda Acosta,Avenida Nieves Ferrndiz,+34 977518760,domingoeugenia@example.org,2025-02-04
929,Ramón Jordá Llopis,Glorieta de Quique Alcal,+34 928714833,vbenavente@example.net,2024-06-25
930,José de Cuéllar,Avenida de Ambrosio Larraaga,+34 872659965,asalvador@example.org,2024-07-04
931,Vito Rocamora Gracia,Camino Zacaras Hoyos,+34822769070,rvillalobos@example.net,2025-04-20
932,Dan Bolaños Río,C Eusebio Lillo,+34 844 325 276,malomanuelita@example.com,2025-01-23
933,Xiomara Valverde Mayoral,Vial Jos Alberdi,+34742907102,ponceblanca@example.net,2024-07-12
934,Mar Pla,Acceso de ngeles Calatayud,+34 984056480,amalia51@example.net,2024-11-10
935,Morena Valcárcel Sánchez,Vial de Feliciana Urrutia,+34 980 252 743,montesinosjuan-manuel@example.com,2024-09-01
936,Joaquina Cervantes Vargas,Callejn Graciana Quintana,+34901 281 937,bvaldes@example.com,2025-01-10
937,Evangelina Eloísa Carretero Barbero,Cuesta Encarna Domnech,+34 738 801 244,azahara14@example.net,2025-02-16
938,Dimas Fernandez Acevedo,Calle de Alejo Falcn,+34 871 81 31 70,solpeiro@example.net,2025-02-12
939,Miriam Caballero Leon,Callejn Albina Escribano,+34 948 17 76 70,wcasanovas@example.net,2025-04-02
940,Aitana Selena Medina Vázquez,Pasaje de Sosimo Barrio,+34 826268431,mamenchaparro@example.com,2025-04-09
941,Ibán Escalona Montenegro,Caada de Agustn Hidalgo,+34972 804 587,pcastejon@example.com,2025-01-25
942,Calista Aparicio Murillo,Urbanizacin Victor Jordn,+34 846 23 87 39,dalilallamas@example.org,2024-09-04
943,Conrado Cano Vicens,Camino de Elosa Carpio,+34982005521,edelmiromateo@example.net,2024-09-15
944,Tomasa Mayol Espinosa,Avenida de Isabela Santamara,+34845 18 82 48,bernardainiesta@example.com,2025-04-28
945,Fito Cruz Elorza,Glorieta Juan Manuel Lucena,+34824 21 51 73,jbecerra@example.com,2024-08-06
946,Pastora Trujillo,Via de Nilda Segu,+34 885238323,ponceleocadia@example.org,2025-02-19
947,Selena Macías Echevarría,Glorieta Priscila Urrutia,+34875 21 50 93,edmundoramirez@example.com,2025-04-06
948,Aureliano Fabián Montesinos Mayo,Paseo de Mara Pilar Pont,+34836318097,canizaresitziar@example.com,2025-04-11
949,Brunilda Perales Galiano,Acceso de Kike Cerd,+34 984673392,ncamino@example.org,2024-07-31
950,Ana Sofía Villar Ruano,Caada Celia Oliv,+34 731297273,davidsantamaria@example.com,2024-12-21
951,David Jose Angel Ramón Moraleda,Alameda Leopoldo Sola,+34 828 32 03 02,hpelaez@example.com,2025-01-26
952,Marcia Sainz Elías,Vial de Anabel Paniagua,+34823089743,maria-del-carmen65@example.com,2025-04-11
953,Marita Acuña Alcolea,Camino de Osvaldo Tejada,+34853 48 47 53,odalysbeltran@example.org,2024-08-23
954,Morena Luján Orozco,Callejn de Tristn Estevez,+34 971 103 980,qvalles@example.net,2024-07-28
955,Brígida Celia Manuel Mínguez,Pasadizo Zacaras Echeverra,+34 879 595 008,batallaainoa@example.org,2025-03-30
956,Candelaria Alarcón Peñalver,Paseo Pnfilo Carrin,+34 848 62 94 91,ysobrino@example.com,2024-08-31
957,Dora de Molina,Cuesta de Ambrosio Jove,+34 924990508,samperpriscila@example.net,2024-08-09
958,Manuela Reina Mayol,Pasadizo Gisela Oliver,+34882 585 861,atilio92@example.org,2024-05-17
959,Florencio Gutiérrez Nevado,Alameda de Cloe Borrell,+34901019647,pugaesther@example.net,2025-03-19
960,Amor Pía Sandoval Bustamante,Ronda de Nicols Cases,+34946 626 138,torrecilladimas@example.net,2024-08-20
961,Adelia Delgado Quirós,Glorieta de Jose Manuel Valenciano,+34915318068,elpidio53@example.net,2024-10-23
962,Primitiva Villanueva-Plaza,Calle Graciano Arnau,+34 943 17 04 86,pedrosaariel@example.com,2024-07-17
963,Dan Valentín Velasco Millán,Cuesta de Victorino Juregui,+34943582674,pacificatoro@example.org,2024-06-19
964,Josué Céspedes Leiva,Callejn Leonel Pedrosa,+34901256907,sacristanmarcela@example.net,2024-12-20
965,Iván Dalmau-Catalá,Camino de Tania Alvarez,+34 986 561 668,zoraida50@example.org,2025-04-12
966,Patricio Wilfredo Escribano Riba,Calle de Flix Tolosa,+34887978203,scastaneda@example.org,2024-10-07
967,Melchor Crespo,Rambla Pastor Nez,+34988 111 385,osanchez@example.org,2024-09-05
968,Cristina Zamora Exposito,Calle de Adelardo Feliu,+34946 20 17 09,hortensiacastello@example.net,2025-04-22
969,Felisa Pomares Rivero,Glorieta de Ale Carretero,+34 961 25 42 64,xbaron@example.com,2024-11-17
970,Cruz Lucas Valenciano,Pasadizo de Marta Castillo,+34 885 341 356,znaranjo@example.com,2024-05-10
971,Francisco Javier Tudela Nieto,Rambla Wlter Gordillo,+34928 01 11 18,priegosancho@example.net,2025-04-07
972,Maite Castillo Perez,Via Candelario Sandoval,+34 924 514 959,blancolucas@example.com,2025-01-17
973,Fidela del Esparza,Pasadizo de Evangelina Ferrn,+34841895159,xbarrera@example.net,2024-08-12
974,Albert Seco Arévalo,Callejn Roxana Campo,+34 630 883 662,qmata@example.com,2025-04-28
975,Ángel Balaguer Luján,Rambla Alfredo Escudero,+34 834967336,juanajurado@example.org,2024-09-12
976,Javiera León Ramos,Alameda Chema Cuenca,+34875 93 70 20,benavidesandres-felipe@example.com,2025-03-04
977,Yésica Domínguez Costa,Paseo de Vasco Ripoll,+34900 795 318,crescenciaserna@example.org,2024-11-29
978,Estrella Acedo Burgos,Vial de Roldn Tejedor,+34 974 337 952,ncuervo@example.com,2024-07-22
979,Marciano Agullo Morell,Rambla de Lzaro Sureda,+34901 86 15 52,tadeosabater@example.org,2025-04-28
980,Francisca Marin,Callejn Prudencia guila,+34 887 328 848,ibartolome@example.net,2024-08-04
981,Florencia Ariño Menéndez,Alameda de Buenaventura Narvez,+34920 730 694,pascualraimundo@example.net,2024-05-03
982,Teófila Ruano Albero,C de Tamara Sancho,+34 806 500 432,sboix@example.org,2025-01-04
983,Sofía Aranda,Paseo de Carla Madrigal,+34814649611,pepechacon@example.com,2024-06-04
984,Cloe Verdugo-Reig,Avenida de Jordana Maza,+34 800 63 31 18,eleuteriopaez@example.com,2025-01-31
985,Heriberto Ulises Mancebo Arco,Via Moreno Morillo,+34 844 28 28 94,pepe40@example.net,2024-12-03
986,Ascensión Quesada Jurado,Callejn de Maricela Bautista,+34900 11 13 68,manuelgamez@example.net,2024-10-03
987,Marisol Borrás,Avenida Morena Cabaas,+34972868807,vilaltaruben@example.com,2024-07-26
988,Felicidad de Piña,Calle Piedad Zabala,+34 824 87 23 82,leonorroca@example.org,2025-01-17
989,Bernardita González Catalán,Pasaje Amelia Raya,+34 902 60 09 63,aurea41@example.net,2025-01-16
990,Elías Rozas Estevez,Camino de Adn Torrens,+34844 995 384,benitodionisio@example.com,2024-06-04
991,Paulina Concepción Aguiló Cazorla,Rambla de Samanta Garzn,+34 971 066 132,gabrieladominguez@example.com,2024-07-30
992,Quique Velázquez Bauzà,Via Charo Vias,+34972508040,gemagelabert@example.com,2024-08-16
993,Enrique Ponce-Carranza,Pasaje Jordana Galan,+34946776860,osvaldo87@example.com,2025-04-15
994,Julio César Bonifacio Pablo Leiva,Glorieta de Gracia Pellicer,+34 731 854 436,dsolano@example.net,2025-03-08
995,Viviana Prada-Suarez,Urbanizacin de Toms Rdenas,+34821454800,kalvarado@example.com,2024-10-22
996,Aura Borja Rosell,Camino Luciano Ochoa,+34 902037278,paredessocorro@example.org,2024-12-09
997,Anita Cánovas,Caada de Noelia Benet,+34 900336227,arnaualmudena@example.org,2024-08-02
998,Valentín Revilla Cáceres,Calle de Tefilo Toms,+34 841 32 62 93,fernandaferrandiz@example.net,2024-08-28
999,Pepe Cifuentes Grande,Via de Joan Ortuo,+34 947935608,rleal@example.com,2024-10-06
1000,Chema Cuevas-Guardiola,Ronda de Damin Mateu,+34866 851 525,luquecristina@example.org,2024-11-12
