id,nombre,descripcion,precio
1,Upgradable grid-enabled capability,Iure cumque voluptate ex.,36.18307
2,Reactive human-resource initiative,In porro incidunt illo.,76.3277
3,Implemented holistic support,Laboriosam error distinctio sit rerum laudantium debitis.,80.05738
4,Assimilated user-facing framework,Animi quae sunt sequi ipsa voluptate.,13.5115
5,Streamlined actuating installation,Rem minus vel minus similique.,63.07686
6,Re-engineered explicit pricing structure,Consequuntur necessitatibus corporis est neque.,49.69609
7,Extended dynamic knowledge user,Delectus architecto sed itaque eos voluptatem iste.,90.22449
8,Adaptive optimal flexibility,Perferendis recusandae at vero dignissimos.,13.85426
9,Self-enabling composite methodology,Ex asperiores sed repellat repudiandae.,23.04916
10,Open-source stable support,Ut repellat molestias illo cum ab.,60.19819
11,Intuitive disintermediate functionalities,Eligendi molestiae repellat quis neque.,11.71318
12,Synergized discrete focus group,Dignissimos repellendus possimus laudantium sed.,62.72597
13,Phased national toolset,Blanditiis veritatis inventore dolorum.,87.06895
14,Vision-oriented executive ability,Odio soluta sit consequatur.,31.56271
15,User-centric analyzing concept,Blanditiis cupiditate praesentium.,85.89328
16,Enterprise-wide asymmetric success,Molestiae cupiditate occaecati voluptate commodi.,73.75985
17,Visionary methodical Graphical User Interface,Placeat nesciunt ullam vel.,31.0163
18,Right-sized disintermediate attitude,Velit numquam facere explicabo deserunt.,85.50194
19,Innovative directional artificial intelligence,Ut at voluptas magni.,99.09012
20,Face-to-face clear-thinking matrices,Magnam eligendi eligendi illum.,21.6935
21,Multi-channeled multi-tasking website,Excepturi ratione sapiente deserunt minima et.,48.29455
22,Implemented non-volatile contingency,Laudantium quis rem nemo corporis.,61.49689
23,Optimized client-server approach,Delectus consequatur illo esse incidunt deleniti.,59.79285
24,Phased global moderator,Odit laudantium deserunt accusamus sequi ad excepturi.,12.45538
25,Front-line solution-oriented contingency,Repellat quis vitae at eligendi.,23.59892
26,Vision-oriented background instruction set,Dolore modi aperiam omnis vero sequi.,16.7935
27,Open-architected bi-directional definition,Occaecati dolor modi consectetur.,53.53875
28,Synergistic upward-trending synergy,Omnis commodi repudiandae ad sapiente vel dolorum.,18.16437
29,Seamless mobile infrastructure,Eveniet praesentium fugit itaque molestiae voluptatum dolore.,79.03393
30,Profound contextually-based core,Quas facere porro totam totam deleniti.,80.66384
31,Profit-focused bottom-line process improvement,Praesentium soluta hic corporis dolor exercitationem.,28.34876
32,Devolved global architecture,Doloremque sunt consectetur magni rem.,23.61401
33,Multi-channeled systematic archive,Rem temporibus voluptates.,42.43221
34,Organized 24hour architecture,Aliquid voluptate perspiciatis aliquid aliquid placeat.,90.18993
35,Persevering uniform access,At eligendi odio ullam voluptatibus.,83.96131
36,Customizable real-time knowledge user,Perferendis blanditiis atque omnis quisquam voluptas dolores.,70.1021
37,Ergonomic demand-driven encryption,Voluptatibus velit rerum occaecati debitis sequi.,79.08675
38,Synergistic disintermediate matrices,Ullam neque doloribus fugit.,15.10201
39,Persevering mobile budgetary management,Voluptate cupiditate nihil at aliquam in perferendis.,99.40879
40,Stand-alone directional open system,Incidunt quas incidunt.,15.33939
41,Visionary non-volatile leverage,Voluptatibus sapiente ex dolor officia quas earum dignissimos.,73.67153
42,Horizontal heuristic open system,Veritatis fugit a esse eos asperiores tenetur.,76.10973
43,Customer-focused multimedia collaboration,Similique commodi rerum voluptatem ipsam.,27.6409
44,Assimilated optimizing instruction set,Magnam quisquam excepturi earum soluta rem numquam.,70.5465
45,Exclusive homogeneous throughput,Porro sapiente repellendus recusandae nemo.,93.99225
46,Mandatory reciprocal functionalities,Possimus nisi voluptatum deleniti rerum cupiditate itaque.,99.31321
47,Organized secondary capacity,Modi necessitatibus doloremque debitis animi veniam doloribus architecto.,31.81795
48,Secured value-added Local Area Network,Vel nulla animi molestiae ratione.,16.36821
49,User-centric multimedia intranet,Laboriosam corrupti velit.,43.62931
50,Secured needs-based flexibility,Asperiores ratione dignissimos iure animi.,18.60103
51,Integrated dedicated protocol,Odit ut impedit quia temporibus.,51.66874
52,Face-to-face 4thgeneration Graphical User Interface,Quos sapiente ducimus blanditiis ipsum.,34.42956
53,Secured eco-centric algorithm,Rerum tempore id molestiae.,56.9489
54,Reduced multi-state Graphic Interface,Laudantium assumenda ea saepe dignissimos.,94.41714
55,Re-contextualized holistic approach,Enim vel maiores labore dolores.,44.53741
56,Innovative methodical analyzer,Dolores voluptatum vitae vero autem aperiam.,33.60482
57,Optional bifurcated benchmark,Dicta vitae similique delectus ipsa fuga.,10.26508
58,Face-to-face well-modulated Graphical User Interface,Provident blanditiis excepturi laudantium similique eveniet beatae.,57.97762
59,Multi-layered mobile Local Area Network,Ipsam ex nemo reiciendis sapiente.,75.2163
60,Re-contextualized needs-based approach,Saepe adipisci culpa nesciunt architecto cupiditate aliquam.,18.01051
61,Realigned incremental archive,Laborum neque ex sit beatae eius sequi.,54.13486
62,Multi-lateral fresh-thinking paradigm,Harum occaecati dolorum corrupti ad.,18.69124
63,Managed bi-directional success,Eum nam facere doloribus dolore voluptas.,94.05961
64,Phased foreground groupware,Assumenda deserunt sapiente vero assumenda.,39.932
65,Profound upward-trending initiative,Aliquid perferendis quis cumque quos voluptate corrupti.,24.27389
66,Universal even-keeled functionalities,Corrupti eligendi enim quae quisquam at molestiae.,89.91412
67,Synergized systemic methodology,Ad eos corporis maxime.,51.34663
68,Front-line zero administration Internet solution,Repellendus consequatur at nam distinctio exercitationem.,49.69746
69,Polarized context-sensitive leverage,Expedita rerum molestias nostrum alias.,56.21205
70,Face-to-face client-driven policy,Omnis mollitia atque eius aliquam soluta iure.,26.4379
71,Digitized 6thgeneration alliance,Facilis commodi eveniet.,86.2105
72,Multi-channeled directional policy,Voluptatibus praesentium consequatur consequatur.,87.4333
73,Diverse client-server customer loyalty,Occaecati et eligendi neque nisi.,43.75229
74,Down-sized encompassing superstructure,Impedit cupiditate dolore consequatur quae repellendus.,38.29133
75,Versatile homogeneous alliance,Doloribus enim quae nobis ipsa similique exercitationem.,54.79966
76,Reduced demand-driven encoding,Eveniet mollitia consequatur dolores delectus laborum optio.,92.26352
77,Operative 24hour forecast,Neque doloribus alias.,55.52774
78,Diverse mobile adapter,Dolorem corporis velit possimus.,61.91941
79,Front-line hybrid concept,Necessitatibus iste dolore.,71.69086
80,Enterprise-wide contextually-based benchmark,Dicta nisi repudiandae ullam quia.,67.92028
81,Up-sized 5thgeneration help-desk,Cupiditate ab cumque.,93.89897
82,Organized coherent installation,Possimus modi ab sunt ab unde corporis.,53.19167
83,Focused bi-directional secured line,Est amet esse.,99.38816
84,Versatile intermediate alliance,Ut ex error nostrum non.,77.12246
85,Face-to-face hybrid success,Voluptatum incidunt dolore eos eius reiciendis.,45.89905
86,Sharable zero tolerance workforce,Quos impedit ea accusantium autem voluptatum libero.,20.33421
87,Inverse actuating capacity,Doloremque cum labore occaecati rerum doloremque.,70.66824
88,Networked system-worthy middleware,Provident quas mollitia nulla incidunt blanditiis.,95.9501
89,Centralized 3rdgeneration emulation,Facilis harum hic voluptas minus.,73.13175
90,Synergistic next generation pricing structure,Voluptatibus pariatur dolores debitis pariatur repellat libero.,40.70976
91,Multi-tiered non-volatile extranet,Quo officia minima odio.,17.309
92,Versatile user-facing methodology,Expedita reprehenderit vel possimus voluptatem tenetur nemo.,72.85151
93,Adaptive zero tolerance support,Soluta tenetur ullam.,77.93916
94,Persistent value-added initiative,Facilis esse unde repellat perferendis vel sunt sit.,21.34489
95,Sharable modular Local Area Network,Corrupti minima sed expedita laudantium.,40.5664
96,Realigned discrete moratorium,Itaque accusamus labore nesciunt totam pariatur tenetur.,97.00068
97,Organic encompassing attitude,Doloremque voluptatem quis odio perspiciatis veniam aspernatur.,86.82379
98,Phased multi-state info-mediaries,Iure nihil eveniet aspernatur harum harum veniam consequuntur.,16.70944
99,Persistent optimal capacity,Doloribus amet illo numquam.,66.38728
100,Compatible client-driven alliance,Et veniam voluptate temporibus est facere voluptate.,91.61281
101,Open-architected fresh-thinking Graphical User Interface,Sequi ipsa minima sunt doloribus illum ea at.,94.26218
102,Grass-roots next generation middleware,Enim laborum exercitationem voluptatem.,91.6516
103,Centralized user-facing projection,Perspiciatis vel esse modi commodi velit.,87.05555
104,Organic bandwidth-monitored application,Beatae est minus itaque ipsum sequi.,35.42528
105,Down-sized mobile implementation,Quod beatae architecto iusto illum itaque ipsam.,33.95894
106,Triple-buffered contextually-based paradigm,Illum fugit aliquam tenetur occaecati praesentium.,62.25995
107,Exclusive mobile paradigm,Rem in doloremque beatae dolores quisquam.,97.46517
108,Synergized stable system engine,Ut alias rem distinctio.,58.08593
109,Automated uniform throughput,Omnis ad neque sapiente corrupti enim cupiditate.,13.96247
110,Reduced even-keeled orchestration,Perferendis vitae fugiat unde odit natus delectus.,56.06985
111,Inverse eco-centric infrastructure,Animi sit adipisci temporibus dolores.,56.07705
112,Fully-configurable heuristic orchestration,Nam perferendis dolore explicabo hic.,90.21468
113,Inverse demand-driven hardware,Maxime ab fugiat dolorum eveniet voluptatem.,60.47065
114,Multi-layered encompassing Internet solution,Error nesciunt placeat esse.,80.13775
115,Versatile attitude-oriented system engine,Neque sapiente officiis debitis quidem.,48.26253
116,Multi-lateral disintermediate benchmark,Hic libero blanditiis officiis.,70.0377
117,Centralized national functionalities,Consectetur beatae delectus totam modi.,45.6098
118,Multi-channeled system-worthy ability,Fuga quidem saepe tempore.,12.711
119,Face-to-face 3rdgeneration implementation,Reiciendis impedit dolores dicta aliquam nemo velit.,47.39234
120,Innovative neutral moratorium,Esse maxime a.,82.36404
121,Persevering multi-state website,Beatae architecto sunt dolorem sapiente voluptatibus.,16.42344
122,Organized 5thgeneration benchmark,Aspernatur adipisci quo similique deleniti.,80.24242
123,Persevering non-volatile productivity,Ab cumque modi officia deleniti eligendi unde.,32.4892
124,Right-sized local groupware,Dolorum dolore consequatur ipsum unde exercitationem laudantium.,30.85085
125,Automated contextually-based array,Soluta numquam modi laudantium inventore quibusdam.,80.68906
126,Cross-platform mobile interface,Earum soluta excepturi non dicta.,78.94875
127,Automated methodical artificial intelligence,Rerum totam asperiores nobis alias.,16.13809
128,Centralized clear-thinking initiative,Ullam fugit eveniet molestias.,51.87211
129,Cloned full-range functionalities,Molestias earum repudiandae quia rerum.,13.33241
130,Seamless didactic ability,Alias ratione minima voluptates porro inventore.,47.4906
131,Horizontal object-oriented software,Esse sapiente odio autem veritatis.,18.29856
132,Synchronized incremental info-mediaries,Ducimus ipsa nobis eveniet.,17.68722
133,Pre-emptive incremental throughput,Molestiae doloribus sit ratione sit totam hic.,21.83048
134,Multi-lateral well-modulated info-mediaries,Numquam quisquam id aperiam aperiam deleniti sapiente.,16.80797
135,Up-sized optimal instruction set,Dolores assumenda temporibus nulla optio.,83.28335
136,Decentralized needs-based structure,Iusto soluta fuga.,42.38472
137,Streamlined multimedia database,Ullam quas occaecati earum eum dolor ex.,72.95646
138,Progressive content-based initiative,Nulla consequatur dolorum laboriosam numquam qui ullam.,24.91139
139,Vision-oriented 24hour contingency,Quod minus exercitationem.,45.18134
140,Optional zero administration knowledgebase,Similique illum tempora itaque fugit.,54.25757
141,Vision-oriented well-modulated synergy,Soluta dolorum repudiandae quae quis perferendis.,14.10949
142,Monitored tangible archive,Iure ab aperiam neque accusamus maxime.,38.5192
143,Front-line client-driven analyzer,Explicabo magnam deserunt non laboriosam magnam dolorem.,20.49599
144,Versatile 24hour parallelism,Perferendis nostrum magnam sed iusto.,46.78548
145,Grass-roots grid-enabled data-warehouse,Facilis eligendi esse excepturi nulla corrupti exercitationem.,20.43837
146,Synergistic context-sensitive data-warehouse,Aliquid ut ipsam distinctio perspiciatis rem illo.,22.49417
147,Integrated methodical conglomeration,Libero consequatur atque eos repellat.,97.98218
148,Seamless multi-tasking array,Eligendi provident distinctio molestias nam reprehenderit ad optio.,70.17163
149,Total incremental Internet solution,Facere illo autem dignissimos similique reiciendis ducimus.,24.44292
150,Visionary modular knowledgebase,Assumenda corporis optio culpa eos laboriosam architecto.,33.30819
151,Object-based transitional framework,Sequi consequatur similique facere cumque error.,30.99519
152,Profound secondary encryption,Odio harum provident sint.,24.88354
153,Configurable user-facing Internet solution,Accusamus consequuntur tempora enim.,87.62359
154,Phased asynchronous Graphic Interface,Eius est sint iste laborum minus.,99.74067
155,Stand-alone user-facing collaboration,Temporibus aut recusandae est ipsum provident.,19.28832
156,Multi-layered mission-critical function,Doloremque ipsa autem.,52.68263
157,Switchable static migration,Ut nemo eaque beatae.,81.18015
158,Sharable executive Graphical User Interface,Debitis voluptates blanditiis dolor earum.,35.25485
159,Reverse-engineered foreground Internet solution,Doloribus ullam dolores sint blanditiis enim.,94.03587
160,Extended incremental moratorium,Suscipit esse commodi ratione repellat ab quod.,87.57345
161,Compatible clear-thinking paradigm,Dolorum non necessitatibus voluptatum adipisci.,53.03169
162,Cross-group disintermediate implementation,Laudantium veritatis quos saepe animi optio esse.,69.00204
163,Cross-platform radical core,Voluptatibus fugiat necessitatibus officia culpa eum.,78.1447
164,Monitored dynamic functionalities,Nam maxime eligendi iure laudantium eveniet quas.,81.16155
165,Multi-layered contextually-based methodology,Enim expedita eligendi suscipit saepe error quo.,93.07979
166,Digitized explicit alliance,Id possimus consectetur debitis consectetur fugiat.,34.34316
167,Expanded systematic archive,Est totam quasi.,11.86446
168,Synergistic 24hour hardware,Temporibus itaque quisquam totam.,99.64827
169,Team-oriented context-sensitive open system,Facere a earum dolores et.,98.51073
170,Upgradable even-keeled knowledgebase,Alias illum officia iusto nostrum suscipit.,10.58763
171,Innovative analyzing knowledgebase,Ducimus incidunt corrupti tenetur inventore fugit.,77.05588
172,Multi-tiered context-sensitive projection,Placeat inventore omnis dolore quod distinctio sed.,31.75536
173,Public-key mobile ability,Odit ipsa nesciunt eius perspiciatis harum animi.,52.05877
174,Extended mission-critical framework,Voluptatibus doloribus repellat.,18.68691
175,Persevering asymmetric portal,Deserunt in adipisci repudiandae pariatur.,42.90657
176,Cross-platform systematic methodology,Qui iste odio quisquam magnam nostrum.,34.96764
177,Secured demand-driven function,Et voluptatum earum.,53.21314
178,Reverse-engineered encompassing budgetary management,Natus debitis quibusdam.,48.85989
179,Re-contextualized needs-based service-desk,Impedit quae sapiente omnis temporibus a quam.,53.61475
180,Networked transitional standardization,Itaque possimus excepturi omnis omnis consequatur.,82.971
181,Proactive motivating data-warehouse,Assumenda molestias consequuntur dolores iure.,45.66249
182,Advanced user-facing function,Illo impedit est possimus dolores eius omnis amet.,76.3136
183,Expanded logistical throughput,Sit omnis quam nihil.,51.88045
184,Configurable optimal moratorium,Ratione iusto deleniti eligendi quidem tenetur.,29.49131
185,Persevering 4thgeneration access,Quas atque magni expedita maxime.,71.31104
186,Total didactic standardization,Perspiciatis blanditiis id tempora quas.,92.64648
187,Secured leadingedge frame,Nulla excepturi minus vitae.,42.47146
188,Stand-alone next generation initiative,Voluptatem debitis non consequuntur ut.,14.97426
189,Persevering composite Graphical User Interface,Dignissimos quaerat quo aut enim.,17.72841
190,Virtual full-range migration,Molestiae iure aut amet.,64.70537
191,Enhanced discrete capacity,Aut dolorum repellat tempora esse nostrum ipsam inventore.,17.27783
192,Vision-oriented object-oriented database,Blanditiis necessitatibus animi eligendi in nulla.,93.95345
193,Digitized exuding Graphic Interface,Provident totam ratione cum cupiditate explicabo.,30.51078
194,Ameliorated full-range hardware,Accusantium id facilis quas nihil.,79.52731
195,Visionary homogeneous budgetary management,Veritatis iusto dolorum laborum quasi voluptatum.,22.93253
196,Advanced tertiary extranet,Neque officiis vero consequatur distinctio fuga.,68.28604
197,User-centric regional circuit,Distinctio praesentium voluptate magnam earum.,20.32359
198,Persistent multi-tasking open system,Sapiente praesentium perspiciatis minima ipsa.,28.53525
199,Enhanced object-oriented matrix,Neque laborum excepturi.,66.01098
200,Switchable systematic initiative,Repudiandae veritatis praesentium quia odit doloremque rerum recusandae.,58.17145
201,Re-contextualized transitional structure,Ipsam nostrum incidunt accusamus ipsam vitae ab.,33.20714
202,Grass-roots actuating instruction set,Repudiandae expedita ullam incidunt illum.,68.33926
203,Mandatory radical help-desk,Quibusdam in dolor accusantium numquam est.,16.22071
204,Self-enabling local definition,Ducimus voluptate beatae laudantium.,12.47568
205,Mandatory 5thgeneration help-desk,Quod quisquam suscipit adipisci tempore.,86.14427
206,Versatile composite interface,Odit fugiat impedit impedit harum dolor expedita.,78.46185
207,Multi-lateral bandwidth-monitored function,Accusamus ex nobis velit officia esse.,29.02296
208,Versatile high-level complexity,Voluptas fugiat iusto deleniti.,67.5685
209,Virtual static protocol,Commodi veritatis itaque aliquam.,21.4393
210,Reduced national service-desk,Rem laudantium asperiores inventore.,43.93702
211,Re-engineered didactic budgetary management,Fugit ut in eaque debitis.,97.02224
212,Phased zero administration artificial intelligence,Dignissimos ex dolore sapiente nisi cum.,17.7446
213,Profit-focused incremental capacity,Illo aspernatur dicta soluta illum.,86.97564
214,Front-line modular contingency,Velit sint recusandae qui consectetur quisquam.,57.36863
215,Grass-roots zero administration capability,Ab provident sit dicta.,87.74011
216,Compatible context-sensitive moderator,Natus libero perspiciatis amet asperiores.,41.69932
217,Triple-buffered scalable adapter,Voluptates cum reprehenderit beatae ipsum.,15.83499
218,Exclusive fresh-thinking policy,Voluptate quam vitae culpa.,79.44573
219,Team-oriented leadingedge model,Voluptas asperiores exercitationem asperiores inventore.,52.8137
220,Seamless contextually-based capability,Quae nihil incidunt suscipit error necessitatibus commodi.,17.83927
221,Multi-tiered fault-tolerant productivity,Tempore voluptas molestiae provident.,49.0602
222,Centralized 24hour circuit,Porro illum tenetur rerum rem.,93.27141
223,Sharable didactic paradigm,Nostrum non quaerat sint quo.,89.18266
224,Enterprise-wide global Graphical User Interface,Molestias et in aliquid sequi nihil impedit.,31.49933
225,Right-sized disintermediate synergy,Eveniet consequatur explicabo.,44.60542
226,Distributed solution-oriented workforce,Aspernatur recusandae sint praesentium.,29.42923
227,Reverse-engineered multi-tasking matrix,Dolore corporis aliquid quis itaque perspiciatis incidunt.,74.60341
228,Implemented modular neural-net,Sit quia temporibus autem recusandae inventore doloremque.,98.59389
229,Profound multi-state analyzer,Sint eveniet nesciunt rem quae aut recusandae.,99.08658
230,Triple-buffered tertiary protocol,Totam laboriosam suscipit impedit sit.,11.26614
231,Future-proofed methodical extranet,Rerum debitis adipisci occaecati ea consequatur impedit mollitia.,48.54259
232,Devolved maximized portal,Laborum veritatis itaque nostrum a officia recusandae sapiente.,24.54842
233,Progressive system-worthy capability,Veritatis debitis nobis similique possimus.,65.09425
234,Customer-focused user-facing initiative,Ut aspernatur amet rem nobis exercitationem.,74.78615
235,Seamless coherent moderator,Adipisci ea fuga eius delectus.,55.2202
236,Self-enabling well-modulated Graphical User Interface,Omnis corrupti mollitia maiores.,21.01627
237,Fundamental optimizing matrix,Deserunt eaque architecto quasi quod.,46.93423
238,Integrated logistical process improvement,Rerum ad facilis quos cumque quasi.,32.65675
239,Quality-focused incremental challenge,Animi doloremque nihil.,69.72142
240,Phased impactful productivity,Voluptate ipsa veniam a.,26.70514
241,Enhanced actuating standardization,Magni laudantium consequuntur perspiciatis deleniti velit a.,92.96717
242,Open-source client-driven process improvement,Itaque perspiciatis ipsa aliquid.,74.93607
243,Focused didactic intranet,Quod eveniet culpa eius saepe.,28.1239
244,Polarized system-worthy knowledgebase,Praesentium ex deleniti explicabo est.,45.41136
245,Balanced logistical forecast,Consequuntur placeat reprehenderit officiis corrupti fugiat tenetur.,88.95137
246,Versatile optimizing success,Delectus ratione illum magni molestiae alias cupiditate.,76.29232
247,Upgradable interactive circuit,Aut iusto cupiditate quae ab officia ipsam.,55.2008
248,Integrated bandwidth-monitored complexity,Iure sit similique natus ipsum iusto sequi expedita.,71.52843
249,Visionary multi-state throughput,Quas debitis fugit repudiandae magni aliquam odit ipsa.,70.74896
250,Business-focused context-sensitive superstructure,Similique vero quae neque repellendus.,28.66655
251,Profit-focused next generation intranet,Similique a assumenda veritatis ipsa quo.,41.27351
252,Reverse-engineered dedicated circuit,Qui ipsa accusamus atque deleniti numquam in.,20.6587
253,Triple-buffered analyzing neural-net,Quos debitis unde repellat ipsa numquam occaecati.,21.7949
254,Reduced mobile frame,Doloribus mollitia eos vitae optio sed.,24.19991
255,Secured explicit system engine,Laudantium harum necessitatibus voluptatibus odit optio.,67.44793
256,Integrated 24/7 infrastructure,Harum voluptates explicabo odio a.,15.20236
257,Proactive dedicated hardware,Est perspiciatis nihil adipisci expedita quas asperiores asperiores.,92.46447
258,Proactive radical product,Magni pariatur provident nemo sint eos ad quibusdam.,87.47625
259,Exclusive intermediate access,Temporibus voluptatem quaerat quod quibusdam autem iste officiis.,15.79166
260,Programmable coherent groupware,Enim minus quis nostrum assumenda iusto.,44.0063
261,Reverse-engineered attitude-oriented matrix,Dolor in sint pariatur.,95.16702
262,Front-line client-server synergy,Laboriosam iure quidem.,21.97067
263,Open-architected tertiary service-desk,Nulla ut exercitationem rem facere eum.,65.47384
264,Fully-configurable cohesive database,Non officia quos maxime occaecati.,86.86871
265,Face-to-face solution-oriented projection,Deserunt numquam ducimus in id.,67.08876
266,Automated tertiary data-warehouse,Deleniti inventore quas accusantium nihil dolorem id.,33.09487
267,Team-oriented national process improvement,Libero pariatur voluptates unde.,21.5062
268,Customizable 6thgeneration open system,Molestiae esse sunt necessitatibus.,17.94107
269,Networked interactive project,Doloribus deserunt quae commodi est in quae commodi.,79.01244
270,Inverse secondary circuit,Ipsa velit eos sint incidunt quasi necessitatibus.,71.45402
271,Configurable client-driven algorithm,Quia numquam cum at.,31.5884
272,Front-line 24hour monitoring,Quo eius officiis facere earum tempore.,20.52862
273,Extended 24/7 Local Area Network,Adipisci corporis adipisci tempora.,65.245
274,Robust coherent encryption,Assumenda dolorem a occaecati commodi libero.,80.16908
275,Organized real-time knowledge user,Cumque nam beatae expedita assumenda distinctio rerum rem.,16.16435
276,De-engineered interactive matrices,Possimus illum eaque cum iste vel.,54.13632
277,Stand-alone composite moratorium,Accusantium mollitia rem delectus esse.,92.83534
278,Multi-channeled radical collaboration,Exercitationem repellat eaque aperiam neque eos modi.,71.47707
279,Extended discrete ability,Vel eos rerum aliquam reprehenderit modi minus.,39.77402
280,Public-key client-server interface,Molestias occaecati asperiores.,76.58564
281,Reactive leadingedge workforce,Quas iusto est incidunt molestias voluptates consectetur.,53.70415
282,Configurable incremental budgetary management,Aliquid repellendus repudiandae eaque possimus facilis optio tenetur.,68.356
283,Horizontal upward-trending parallelism,Sit fugiat laboriosam porro.,80.93007
284,Realigned stable info-mediaries,Doloremque accusamus maiores earum magni.,15.22938
285,Synergized dynamic matrix,Explicabo ducimus consequatur sapiente dolorem.,53.49842
286,Enterprise-wide content-based orchestration,Minima adipisci natus.,32.94262
287,Innovative didactic capacity,Ad enim consectetur eligendi optio nobis quae.,16.76584
288,Cross-group multimedia interface,Exercitationem iste cumque dolore fuga et ex.,46.9157
289,Synchronized client-server secured line,Deleniti corporis est eaque fugiat illum amet quasi.,23.64096
290,Organized bi-directional artificial intelligence,Ut est et saepe ratione.,81.40579
291,Mandatory didactic protocol,Fugit quibusdam ad dolor quas consequatur.,89.83156
292,Multi-tiered logistical model,Nemo illum debitis amet cumque.,20.36542
293,Secured mobile frame,Necessitatibus impedit officia illum iste.,12.75236
294,Business-focused coherent synergy,Provident cum neque hic maxime esse delectus.,77.56874
295,Centralized secondary adapter,Ducimus neque incidunt reiciendis occaecati.,92.20464
296,Integrated user-facing hierarchy,Iste illum recusandae facere vel quia rerum.,34.00881
297,User-friendly multimedia database,Possimus quasi enim tempora incidunt quibusdam eius repudiandae.,12.95088
298,Cross-group local monitoring,Vel molestiae minima odit.,60.50845
299,Triple-buffered intermediate migration,Nihil molestias veritatis deleniti.,48.37771
300,Synergized uniform Graphic Interface,Distinctio facilis laudantium pariatur magnam.,94.63968
301,Cross-platform exuding alliance,Culpa quidem totam.,14.89389
302,Persevering encompassing collaboration,Labore labore esse atque quidem animi quod.,67.30119
303,Enterprise-wide context-sensitive open architecture,Ipsum ex non sit placeat modi architecto.,10.54342
304,Programmable 24/7 hierarchy,Atque atque vel ab.,61.27213
305,Decentralized coherent function,Praesentium ex sed rem.,15.12116
306,Devolved 24hour flexibility,Ullam iste quod.,18.37175
307,Seamless object-oriented projection,Excepturi in nesciunt enim repellendus error facilis.,80.91829
308,Optional heuristic core,Neque saepe iure neque facere.,61.27197
309,Total attitude-oriented success,Eius et expedita vitae rerum natus quisquam.,49.66768
310,Assimilated 6thgeneration encoding,Aliquam modi fugit est accusamus fugit doloribus.,41.05614
311,Decentralized executive help-desk,Blanditiis quod recusandae exercitationem rem laboriosam.,74.45954
312,Up-sized multi-state hub,Sunt nesciunt alias repellendus.,15.79004
313,Streamlined impactful benchmark,Id veniam provident architecto aliquid ratione in.,17.78727
314,Front-line client-driven approach,Ea quod ipsum possimus deserunt necessitatibus.,87.25017
315,Monitored eco-centric forecast,Illum rerum consequatur dolores.,22.09779
316,Persevering uniform encoding,Debitis velit cumque rem autem dolore.,60.97385
317,Streamlined well-modulated interface,Laborum soluta numquam dicta vero.,24.13717
318,Assimilated global capability,Iure voluptatum iste iusto neque quidem ducimus.,45.54335
319,Ameliorated zero administration throughput,Consectetur nobis iste quas dolore voluptatem a.,88.46433
320,Advanced user-facing circuit,Ab dolorem dolor consequuntur dolor maxime temporibus.,21.91183
321,Secured needs-based Graphical User Interface,Maxime voluptatum animi ea.,66.25722
322,Assimilated coherent matrix,Corporis officia omnis molestias expedita voluptatibus et.,96.45915
323,Diverse 5thgeneration function,Velit fuga praesentium quo ducimus.,91.63276
324,Persistent contextually-based flexibility,Debitis provident alias.,11.60847
325,Down-sized dedicated methodology,Eius iure similique soluta dolor.,73.10179
326,Enterprise-wide motivating frame,Iusto repudiandae adipisci dolore cupiditate hic.,71.93518
327,Grass-roots secondary circuit,Dolorum dolore laborum ea quidem rem aliquid.,58.24189
328,Streamlined executive matrices,Eveniet provident id at.,34.25528
329,Reverse-engineered background secured line,Sequi sed quia inventore.,69.75942
330,Polarized bifurcated middleware,Repellat non vel unde repellendus hic natus.,65.5028
331,Cloned full-range array,Perspiciatis iste quis nostrum.,12.92834
332,Self-enabling zero tolerance application,Ratione corrupti placeat porro.,60.49806
333,User-centric homogeneous budgetary management,Quam ipsa explicabo tempore non ut aliquid molestias.,99.66095
334,Operative user-facing emulation,Consequuntur asperiores veniam tempore magnam reiciendis natus.,55.29073
335,Assimilated actuating framework,Eum provident blanditiis quis.,36.87316
336,Diverse non-volatile monitoring,Accusantium consequuntur numquam adipisci.,16.03996
337,Universal zero administration leverage,Perferendis dolorem deserunt velit cupiditate rem aperiam.,67.43559
338,Stand-alone contextually-based capacity,Provident aperiam quaerat facere modi voluptatum consequuntur ipsum.,99.24801
339,Expanded uniform software,Eos aperiam ab ipsam possimus officia inventore.,28.89689
340,Grass-roots solution-oriented budgetary management,Voluptatem atque qui iure numquam.,51.46791
341,Grass-roots actuating productivity,Reiciendis laboriosam aliquid esse laudantium.,77.28033
342,Virtual context-sensitive knowledge user,Laboriosam nihil qui magni alias quaerat eveniet.,25.19764
343,User-friendly demand-driven synergy,Placeat dolores voluptatibus.,97.39759
344,Diverse disintermediate flexibility,Mollitia impedit hic.,69.36659
345,Future-proofed hybrid pricing structure,Quaerat quam eum inventore sint sed doloribus.,75.69004
346,Intuitive zero-defect attitude,Itaque laboriosam iste distinctio incidunt.,81.51524
347,Ameliorated transitional firmware,Nam quo vitae esse repellat alias magni.,12.66384
348,Compatible systemic Internet solution,Ad ut omnis ad suscipit rerum.,64.86566
349,Seamless motivating time-frame,Quisquam sunt soluta quaerat molestiae consequatur.,51.31478
350,Distributed 4thgeneration database,Modi sed molestiae velit provident perferendis.,38.37381
351,Optional hybrid projection,Officiis libero facere unde.,39.39894
352,Multi-tiered full-range Graphic Interface,Excepturi assumenda tempore.,79.8359
353,Re-engineered 24hour secured line,Debitis totam quo fugiat.,26.71102
354,Polarized upward-trending orchestration,Recusandae omnis blanditiis sunt dolorum beatae.,31.75925
355,Cross-platform tertiary complexity,Culpa eius veniam.,59.50167
356,Function-based executive orchestration,Natus aperiam nam eius nam fugit.,83.91489
357,Diverse intermediate encryption,Voluptates asperiores inventore qui excepturi.,68.29831
358,Multi-channeled next generation attitude,Natus nam assumenda culpa ipsum eligendi nobis.,25.50371
359,Multi-channeled radical system engine,Ad sunt dicta nihil vero.,21.11737
360,Vision-oriented bottom-line structure,Ratione rem dolorum in.,23.99248
361,Cross-platform attitude-oriented frame,Aliquam totam quidem asperiores nesciunt.,20.6713
362,Polarized discrete core,Accusamus magni eveniet cupiditate.,82.03006
363,Organic directional software,Alias alias vel deserunt.,17.59639
364,Synergistic solution-oriented emulation,Iusto a voluptatibus accusantium adipisci cupiditate necessitatibus quae.,29.99985
365,Monitored next generation collaboration,Neque laboriosam harum at necessitatibus cupiditate.,40.85223
366,Proactive global framework,Iste quos officia quos.,33.05959
367,Expanded motivating budgetary management,Quo ea quisquam voluptates ducimus quaerat fuga id.,12.36174
368,Total tangible groupware,Id porro ut quibusdam.,50.93983
369,Innovative motivating interface,Itaque dicta repellat corrupti.,38.66846
370,Cloned 3rdgeneration orchestration,Tenetur suscipit nostrum voluptates eius.,67.49537
371,Grass-roots methodical paradigm,Mollitia sunt adipisci perspiciatis asperiores.,82.95232
372,Integrated didactic synergy,Rerum animi eius molestias sed.,56.16278
373,Universal human-resource system engine,Iure fugit itaque quas.,50.30022
374,Total stable standardization,Qui minus dolores esse inventore doloremque sit maiores.,90.6692
375,Quality-focused tangible data-warehouse,Accusamus quibusdam porro eligendi veritatis ipsum illum.,22.81747
376,Streamlined zero tolerance model,Eum veritatis exercitationem voluptates.,82.44319
377,Mandatory user-facing secured line,Ducimus molestias est impedit saepe fugiat.,48.04335
378,Object-based 6thgeneration ability,Dolore eligendi iusto.,89.71151
379,Pre-emptive 6thgeneration extranet,Laboriosam ex accusantium veniam eaque fugiat.,84.36784
380,De-engineered analyzing capacity,Vitae necessitatibus iusto cumque adipisci natus molestias.,60.99058
381,Future-proofed directional array,Aliquam facilis dolorem quis.,45.60668
382,Function-based web-enabled structure,Rem ullam sit cupiditate enim illo provident eaque.,76.92288
383,Versatile exuding project,Culpa id perferendis eligendi porro.,77.69905
384,Down-sized explicit customer loyalty,Possimus modi eligendi neque consectetur.,44.83489
385,Cloned multi-state encryption,Velit minima iure ipsa.,72.59465
386,Fully-configurable analyzing application,Pariatur nostrum expedita nesciunt aperiam a.,77.9724
387,Versatile national encryption,Pariatur quis reiciendis similique ducimus illo.,45.06823
388,Customer-focused high-level matrix,Commodi culpa architecto non consequuntur.,44.27938
389,Future-proofed bifurcated matrix,Mollitia velit animi maxime dolores assumenda quos.,80.24414
390,Down-sized 24/7 definition,Magni animi minima exercitationem nostrum.,87.52894
391,Expanded uniform architecture,Sunt suscipit sapiente accusamus adipisci.,89.39938
392,User-centric 4thgeneration customer loyalty,Aliquid ipsum ipsam.,47.0099
393,Implemented transitional artificial intelligence,Ea cumque vitae veritatis nemo.,16.57732
394,Streamlined next generation paradigm,Debitis accusamus doloremque quaerat porro.,11.13255
395,Extended high-level methodology,Ipsa sed molestias autem.,58.9207
396,Decentralized 4thgeneration architecture,Porro ipsam labore corporis ipsa modi.,63.58918
397,Compatible uniform framework,Ullam eaque dolore beatae velit perspiciatis temporibus.,47.1612
398,Re-contextualized clear-thinking methodology,At rem occaecati maiores fugit architecto.,47.14927
399,Optional holistic migration,Delectus ut dolores veritatis atque.,80.95013
400,Profound modular policy,Libero expedita voluptate aperiam beatae praesentium.,24.5318
401,Extended disintermediate circuit,Eos suscipit optio exercitationem nobis minima.,59.46061
402,Devolved encompassing projection,Maiores odio animi ab unde incidunt accusantium deserunt.,51.77126
403,Multi-channeled 24hour standardization,In cupiditate pariatur consequuntur.,58.62409
404,Re-contextualized multi-state hierarchy,Sapiente voluptatum rerum dicta rerum at doloremque.,14.24581
405,Future-proofed exuding complexity,Quas consequatur facere corporis.,28.1193
406,Optimized multi-state throughput,Architecto aliquid voluptatem fuga illum possimus eligendi.,99.13274
407,Customer-focused system-worthy success,Ipsum blanditiis veritatis.,12.36884
408,Self-enabling contextually-based structure,Ullam ipsum nisi omnis eveniet nihil.,69.2089
409,Front-line interactive structure,Quidem debitis debitis unde amet quas.,12.58868
410,Integrated empowering structure,Ullam veritatis quaerat nulla.,97.36207
411,Self-enabling 24hour capability,Consequuntur laboriosam dignissimos ex vitae pariatur.,54.30951
412,Future-proofed neutral policy,Ipsum perspiciatis rerum corporis reprehenderit fugit fuga hic.,89.30324
413,Multi-layered zero tolerance encoding,Veritatis distinctio quis nisi molestiae.,52.08487
414,Right-sized stable policy,Mollitia nostrum repellat quae laudantium dolores illum.,99.98994
415,Object-based demand-driven system engine,Nisi voluptatibus fuga veritatis.,92.83223
416,Balanced interactive function,Quasi hic architecto eum odio eligendi.,64.66646
417,Re-contextualized tertiary synergy,Nesciunt facilis exercitationem veritatis tempore ipsum.,84.77896
418,Open-source contextually-based alliance,Porro molestiae at expedita tempore.,41.29993
419,Customizable bi-directional attitude,In animi quidem natus.,95.74629
420,Ergonomic mission-critical hub,Voluptatibus tempore blanditiis totam delectus fugiat.,29.6362
421,Fully-configurable user-facing data-warehouse,Laborum distinctio architecto laborum.,42.1912
422,Horizontal system-worthy access,Temporibus eos eaque non perspiciatis.,21.85303
423,Streamlined context-sensitive alliance,Qui animi nam veritatis ipsam accusamus dolorem.,94.74435
424,Managed optimal open system,Rem modi nesciunt quia fugiat et voluptate.,85.34135
425,Secured regional hardware,Ad itaque molestiae odio.,59.64969
426,Customer-focused real-time forecast,Sapiente animi voluptatem at.,23.03667
427,Synergistic contextually-based throughput,Deserunt adipisci doloribus omnis nobis optio.,33.62959
428,Balanced didactic interface,Dolorem repudiandae corporis quod dolor aut sed harum.,15.30818
429,Switchable didactic emulation,Ducimus fuga reiciendis quasi esse.,56.28255
430,Inverse needs-based middleware,Neque nesciunt blanditiis suscipit iure ab.,56.66072
431,Universal incremental secured line,Provident est repellat odio.,42.98681
432,Secured reciprocal firmware,Unde enim neque quidem laborum dolorum in.,15.84431
433,Managed context-sensitive open architecture,Eius consequuntur cupiditate ea quos.,58.36718
434,Ameliorated global extranet,Ea adipisci ad nihil ea voluptatum est.,94.17695
435,Triple-buffered reciprocal workforce,Odit accusamus sequi.,30.22699
436,Organic radical toolset,Ipsam quasi quaerat accusantium suscipit aliquam.,79.37512
437,Monitored scalable open architecture,Dignissimos deleniti molestias incidunt quaerat quia omnis.,49.00611
438,Inverse transitional core,Eaque quos id officia rerum neque.,80.65649
439,Synergistic responsive throughput,Excepturi hic laborum hic magnam incidunt.,24.12227
440,Synergized client-server database,Harum aut nulla itaque iste modi modi.,38.29292
441,Reverse-engineered coherent moratorium,Quaerat nihil explicabo vel velit iusto fugiat.,84.84806
442,Proactive intermediate encryption,Aut quasi quis accusantium facilis quaerat.,46.70965
443,Enhanced 3rdgeneration intranet,Nostrum quibusdam sunt.,45.40222
444,Pre-emptive dynamic array,Blanditiis eveniet amet.,34.31241
445,Multi-layered disintermediate utilization,Nulla possimus doloremque est quod.,26.96347
446,Multi-channeled asynchronous parallelism,Accusamus ut harum dolores unde sit.,20.23647
447,Synergized client-server ability,Voluptatum repellat accusamus iure.,14.41929
448,Ameliorated attitude-oriented data-warehouse,Consectetur quidem quae occaecati soluta veritatis.,43.82521
449,Diverse multi-state definition,Ipsum nobis voluptate voluptatibus.,53.12014
450,Distributed content-based paradigm,Inventore provident eligendi eveniet magni nesciunt iure.,61.27414
451,Stand-alone 24hour structure,Necessitatibus hic odio ullam est.,62.43113
452,Programmable dynamic utilization,Minus nam quidem mollitia error harum dolore.,93.58973
453,De-engineered uniform secured line,Ex dolor dolor eum temporibus iste id tenetur.,74.75342
454,Centralized non-volatile adapter,Corporis architecto ullam vel.,13.24045
455,Re-contextualized optimal portal,Optio doloremque et dolorem repellat numquam soluta.,80.36614
456,Future-proofed human-resource circuit,Minus unde eum dolore nemo et occaecati.,69.40653
457,Optional radical framework,Corrupti odio commodi beatae voluptatem nisi quos.,41.50504
458,Synergistic 6thgeneration hierarchy,Necessitatibus qui voluptas labore.,46.43503
459,Enhanced attitude-oriented process improvement,Fuga aliquam officiis harum.,10.65476
460,Self-enabling optimal challenge,Eum commodi deserunt ex officiis dolorum.,41.41097
461,Secured needs-based software,Amet at dolorum in voluptatem vero repellat.,75.88201
462,Face-to-face composite intranet,Tempore dolore nisi porro eligendi veniam rem accusamus.,91.07157
463,Virtual uniform Graphical User Interface,Aliquid saepe inventore autem fuga.,28.617
464,Distributed dynamic archive,Nostrum voluptatum ut neque blanditiis quod.,85.59823
465,Configurable intermediate system engine,Deleniti laborum exercitationem consequatur libero eligendi ipsam.,14.22649
466,Synergistic value-added Graphic Interface,Excepturi cum consequatur perferendis error.,64.70911
467,Quality-focused high-level moratorium,Blanditiis voluptatem magni blanditiis voluptatum.,71.54137
468,Versatile impactful functionalities,Illo cupiditate quia iure molestiae dicta.,47.93252
469,Ameliorated radical array,Totam magni ullam deleniti nihil ipsa minima qui.,87.92849
470,Compatible analyzing alliance,Explicabo harum fugit ea aspernatur vitae maiores.,71.00684
471,Upgradable holistic task-force,Illum voluptatibus aperiam.,13.12874
472,Enhanced mission-critical installation,Libero enim ea veniam officia nesciunt.,31.60851
473,Synergized motivating circuit,Laboriosam tenetur debitis fuga est.,88.09033
474,Inverse demand-driven projection,Numquam perferendis eaque sapiente.,99.00229
475,Sharable intangible utilization,Quod enim corporis vero minima fugiat praesentium consequatur.,46.73143
476,User-centric directional superstructure,Exercitationem facere occaecati aperiam possimus commodi.,36.75888
477,Integrated radical definition,Eligendi vero hic facilis.,98.87418
478,Exclusive intermediate budgetary management,Facilis facere veniam impedit veniam rem.,20.40624
479,Enhanced bandwidth-monitored structure,Totam ipsam sequi eius culpa eveniet.,80.35861
480,Team-oriented multi-state instruction set,Debitis nobis in temporibus consectetur.,38.16869
481,Triple-buffered empowering success,Eos maiores corrupti nulla in repudiandae.,83.80666
482,Assimilated bottom-line encryption,Magni qui cumque sed explicabo sint.,99.70708
483,Networked optimal data-warehouse,Impedit itaque molestias praesentium nesciunt.,89.62518
484,Grass-roots executive capacity,Nam officia neque atque dignissimos.,82.78449
485,Multi-tiered next generation superstructure,Quae mollitia cupiditate cumque.,77.20789
486,Grass-roots background model,Perferendis unde fugit incidunt.,80.17387
487,Optional intermediate pricing structure,Soluta temporibus odio incidunt.,52.11753
488,Self-enabling leadingedge migration,Sint laborum vero esse rem ratione.,42.49465
489,Open-source 24hour leverage,Voluptates nihil commodi quidem dignissimos magnam.,74.27846
490,Total uniform challenge,Rerum eligendi delectus optio.,80.49373
491,Cloned stable standardization,Corporis voluptatum earum alias rem.,12.63319
492,Customer-focused upward-trending middleware,Repellat minima voluptatibus ea.,48.88758
493,Streamlined 4thgeneration moderator,Provident velit perspiciatis blanditiis corrupti ratione.,43.60663
494,Fundamental systemic strategy,Adipisci aut sed quisquam.,31.10227
495,Reverse-engineered zero administration ability,Quia assumenda eos est suscipit suscipit.,24.18477
496,Down-sized system-worthy moderator,Voluptates molestias tempora libero cupiditate.,77.58187
497,User-centric foreground Graphical User Interface,Suscipit repellendus voluptatem ipsa vero debitis.,43.69941
498,Persistent dynamic knowledgebase,Similique dolor sed quisquam.,57.57997
499,Multi-channeled global customer loyalty,Est laboriosam provident voluptatibus.,96.93035
500,Inverse full-range emulation,Error asperiores maxime.,43.2236
